noop, 0,1.000,1,1
noop, 1,1.000,1,1
noop, 2,1.000,1,1
noop, 3,1.000,1,1
noop, 4,1.000,1,1
noop, 5,1.000,1,1
noop, 6,1.000,1,1
noop, 7,1.000,1,1
noop, 8,1.001,1,1
noop, 9,1.000,1,1
noop,10,1.000,1,1
noop,11,1.000,1,1
noop,12,1.000,1,1
noop,13,1.000,1,1
noop,14,1.000,1,1
noop,15,1.000,1,1
noop,16,1.000,1,1
noop,17,1.000,1,1
noop,18,1.000,1,1
noop,19,1.000,1,1
noop,20,1.000,1,1
noop,21,1.000,1,1
noop,22,1.000,1,1
noop,23,1.000,1,1
noop,24,1.000,1,1
in_transfer, 0,1.000,1,1
in_transfer, 1,1.000,1,1
in_transfer, 2,1.000,1,1
in_transfer, 3,1.000,1,1
in_transfer, 4,1.000,1,1
in_transfer, 5,1.000,1,1
in_transfer, 6,1.000,1,1
in_transfer, 7,1.000,1,1
in_transfer, 8,1.000,1,1
in_transfer, 9,1.000,1,1
in_transfer,10,1.000,1,1
in_transfer,11,1.000,1,1
in_transfer,12,1.000,1,1
in_transfer,13,1.000,1,1
in_transfer,14,1.000,1,1
in_transfer,15,1.000,1,1
in_transfer,16,1.000,1,1
in_transfer,17,1.000,1,1
in_transfer,18,1.000,1,1
in_transfer,19,1.000,1,1
in_transfer,20,1.000,1,1
in_transfer,21,1.000,1,1
in_transfer,22,1.000,1,1
in_transfer,23,1.000,1,1
in_transfer,24,1.000,1,1
in_shadow, 0,1.000,1,1
in_shadow, 1,1.000,1,1
in_shadow, 2,1.000,1,1
in_shadow, 3,1.000,1,1
in_shadow, 4,1.000,1,1
in_shadow, 5,1.000,1,1
in_shadow, 6,1.000,1,1
in_shadow, 7,1.000,1,1
in_shadow, 8,1.000,1,1
in_shadow, 9,1.000,1,1
in_shadow,10,1.000,1,1
in_shadow,11,1.000,1,1
in_shadow,12,1.000,1,1
in_shadow,13,1.001,1,1
in_shadow,14,1.000,1,1
in_shadow,15,1.000,1,1
in_shadow,16,1.000,1,1
in_shadow,17,1.000,1,1
in_shadow,18,1.000,1,1
in_shadow,19,1.000,1,1
in_shadow,20,1.000,1,1
in_shadow,21,1.000,1,1
in_shadow,22,1.000,1,1
in_shadow,23,1.000,1,1
in_shadow,24,1.000,1,1
out_existing, 0,1.000,1,1
out_existing, 1,1.000,1,1
out_existing, 2,1.001,1,1
out_existing, 3,1.000,1,1
out_existing, 4,1.000,1,1
out_existing, 5,1.000,1,1
out_existing, 6,1.000,1,1
out_existing, 7,1.000,1,1
out_existing, 8,1.000,1,1
out_existing, 9,1.000,1,1
out_existing,10,1.000,1,1
out_existing,11,1.000,1,1
out_existing,12,1.000,1,1
out_existing,13,1.000,1,1
out_existing,14,1.000,1,1
out_existing,15,1.000,1,1
out_existing,16,1.000,1,1
out_existing,17,1.000,1,1
out_existing,18,1.000,1,1
out_existing,19,1.000,1,1
out_existing,20,1.000,1,1
out_existing,21,1.000,1,1
out_existing,22,1.000,1,1
out_existing,23,1.000,1,1
out_existing,24,1.000,1,1
out_shadow, 0,1.000,1,1
out_shadow, 1,1.000,1,1
out_shadow, 2,1.000,1,1
out_shadow, 3,1.000,1,1
out_shadow, 4,1.000,1,1
out_shadow, 5,1.000,1,1
out_shadow, 6,1.000,1,1
out_shadow, 7,1.000,1,1
out_shadow, 8,1.000,1,1
out_shadow, 9,1.001,1,1
out_shadow,10,1.000,1,1
out_shadow,11,1.000,1,1
out_shadow,12,1.000,1,1
out_shadow,13,1.000,1,1
out_shadow,14,1.000,1,1
out_shadow,15,1.000,1,1
out_shadow,16,1.000,1,1
out_shadow,17,1.000,1,1
out_shadow,18,1.000,1,1
out_shadow,19,1.000,1,1
out_shadow,20,1.000,1,1
out_shadow,21,1.000,1,1
out_shadow,22,1.000,1,1
out_shadow,23,1.000,1,1
out_shadow,24,1.000,1,1
noop, 0,1.001,1,32
noop, 1,1.000,1,32
noop, 2,1.000,1,32
noop, 3,1.000,1,32
noop, 4,1.000,1,32
noop, 5,1.000,1,32
noop, 6,1.000,1,32
noop, 7,1.000,1,32
noop, 8,1.000,1,32
noop, 9,1.000,1,32
noop,10,1.001,1,32
noop,11,1.000,1,32
noop,12,1.001,1,32
noop,13,1.000,1,32
noop,14,1.000,1,32
noop,15,1.000,1,32
noop,16,1.000,1,32
noop,17,1.000,1,32
noop,18,1.000,1,32
noop,19,1.000,1,32
noop,20,1.000,1,32
noop,21,1.000,1,32
noop,22,1.000,1,32
noop,23,1.000,1,32
noop,24,1.000,1,32
in_transfer, 0,1.000,1,32
in_transfer, 1,1.000,1,32
in_transfer, 2,1.000,1,32
in_transfer, 3,1.000,1,32
in_transfer, 4,1.000,1,32
in_transfer, 5,1.000,1,32
in_transfer, 6,1.000,1,32
in_transfer, 7,1.000,1,32
in_transfer, 8,1.000,1,32
in_transfer, 9,1.000,1,32
in_transfer,10,1.000,1,32
in_transfer,11,1.000,1,32
in_transfer,12,1.000,1,32
in_transfer,13,1.000,1,32
in_transfer,14,1.000,1,32
in_transfer,15,1.000,1,32
in_transfer,16,1.000,1,32
in_transfer,17,1.000,1,32
in_transfer,18,1.000,1,32
in_transfer,19,1.000,1,32
in_transfer,20,1.000,1,32
in_transfer,21,1.000,1,32
in_transfer,22,1.000,1,32
in_transfer,23,1.000,1,32
in_transfer,24,1.000,1,32
in_shadow, 0,1.000,1,32
in_shadow, 1,1.000,1,32
in_shadow, 2,1.000,1,32
in_shadow, 3,1.000,1,32
in_shadow, 4,1.000,1,32
in_shadow, 5,1.000,1,32
in_shadow, 6,1.000,1,32
in_shadow, 7,1.000,1,32
in_shadow, 8,1.000,1,32
in_shadow, 9,1.000,1,32
in_shadow,10,1.000,1,32
in_shadow,11,1.000,1,32
in_shadow,12,1.000,1,32
in_shadow,13,1.000,1,32
in_shadow,14,1.000,1,32
in_shadow,15,1.000,1,32
in_shadow,16,1.000,1,32
in_shadow,17,1.000,1,32
in_shadow,18,1.000,1,32
in_shadow,19,1.000,1,32
in_shadow,20,1.000,1,32
in_shadow,21,1.000,1,32
in_shadow,22,1.000,1,32
in_shadow,23,1.000,1,32
in_shadow,24,1.000,1,32
out_existing, 0,1.000,1,32
out_existing, 1,1.000,1,32
out_existing, 2,1.000,1,32
out_existing, 3,1.000,1,32
out_existing, 4,1.000,1,32
out_existing, 5,1.000,1,32
out_existing, 6,1.000,1,32
out_existing, 7,1.000,1,32
out_existing, 8,1.000,1,32
out_existing, 9,1.000,1,32
out_existing,10,1.000,1,32
out_existing,11,1.000,1,32
out_existing,12,1.000,1,32
out_existing,13,1.000,1,32
out_existing,14,1.000,1,32
out_existing,15,1.000,1,32
out_existing,16,1.000,1,32
out_existing,17,1.000,1,32
out_existing,18,1.000,1,32
out_existing,19,1.000,1,32
out_existing,20,1.000,1,32
out_existing,21,1.000,1,32
out_existing,22,1.000,1,32
out_existing,23,1.000,1,32
out_existing,24,1.000,1,32
out_shadow, 0,1.000,1,32
out_shadow, 1,1.000,1,32
out_shadow, 2,1.000,1,32
out_shadow, 3,1.000,1,32
out_shadow, 4,1.000,1,32
out_shadow, 5,1.000,1,32
out_shadow, 6,1.000,1,32
out_shadow, 7,1.000,1,32
out_shadow, 8,1.000,1,32
out_shadow, 9,1.000,1,32
out_shadow,10,1.000,1,32
out_shadow,11,1.000,1,32
out_shadow,12,1.000,1,32
out_shadow,13,1.000,1,32
out_shadow,14,1.001,1,32
out_shadow,15,1.000,1,32
out_shadow,16,1.001,1,32
out_shadow,17,1.000,1,32
out_shadow,18,1.000,1,32
out_shadow,19,1.000,1,32
out_shadow,20,1.000,1,32
out_shadow,21,1.000,1,32
out_shadow,22,1.000,1,32
out_shadow,23,1.000,1,32
out_shadow,24,1.000,1,32
noop, 0,1.000,1,1024
noop, 1,1.000,1,1024
noop, 2,1.000,1,1024
noop, 3,1.000,1,1024
noop, 4,1.000,1,1024
noop, 5,1.001,1,1024
noop, 6,1.000,1,1024
noop, 7,1.000,1,1024
noop, 8,1.000,1,1024
noop, 9,1.000,1,1024
noop,10,1.000,1,1024
noop,11,1.000,1,1024
noop,12,1.001,1,1024
noop,13,1.000,1,1024
noop,14,1.000,1,1024
noop,15,1.000,1,1024
noop,16,1.000,1,1024
noop,17,1.000,1,1024
noop,18,1.000,1,1024
noop,19,1.000,1,1024
noop,20,1.000,1,1024
noop,21,1.000,1,1024
noop,22,1.001,1,1024
noop,23,1.000,1,1024
noop,24,1.000,1,1024
in_transfer, 0,1.000,1,1024
in_transfer, 1,1.000,1,1024
in_transfer, 2,1.000,1,1024
in_transfer, 3,1.000,1,1024
in_transfer, 4,1.000,1,1024
in_transfer, 5,1.000,1,1024
in_transfer, 6,1.000,1,1024
in_transfer, 7,1.000,1,1024
in_transfer, 8,1.000,1,1024
in_transfer, 9,1.000,1,1024
in_transfer,10,1.000,1,1024
in_transfer,11,1.000,1,1024
in_transfer,12,1.000,1,1024
in_transfer,13,1.000,1,1024
in_transfer,14,1.000,1,1024
in_transfer,15,1.000,1,1024
in_transfer,16,1.001,1,1024
in_transfer,17,1.000,1,1024
in_transfer,18,1.000,1,1024
in_transfer,19,1.001,1,1024
in_transfer,20,1.000,1,1024
in_transfer,21,1.000,1,1024
in_transfer,22,1.000,1,1024
in_transfer,23,1.000,1,1024
in_transfer,24,1.000,1,1024
in_shadow, 0,1.000,1,1024
in_shadow, 1,1.000,1,1024
in_shadow, 2,1.000,1,1024
in_shadow, 3,1.000,1,1024
in_shadow, 4,1.000,1,1024
in_shadow, 5,1.000,1,1024
in_shadow, 6,1.001,1,1024
in_shadow, 7,1.000,1,1024
in_shadow, 8,1.000,1,1024
in_shadow, 9,1.000,1,1024
in_shadow,10,1.000,1,1024
in_shadow,11,1.000,1,1024
in_shadow,12,1.000,1,1024
in_shadow,13,1.000,1,1024
in_shadow,14,1.000,1,1024
in_shadow,15,1.000,1,1024
in_shadow,16,1.000,1,1024
in_shadow,17,1.000,1,1024
in_shadow,18,1.000,1,1024
in_shadow,19,1.000,1,1024
in_shadow,20,1.000,1,1024
in_shadow,21,1.000,1,1024
in_shadow,22,1.000,1,1024
in_shadow,23,1.000,1,1024
in_shadow,24,1.000,1,1024
out_existing, 0,1.000,1,1024
out_existing, 1,1.000,1,1024
out_existing, 2,1.000,1,1024
out_existing, 3,1.000,1,1024
out_existing, 4,1.000,1,1024
out_existing, 5,1.000,1,1024
out_existing, 6,1.000,1,1024
out_existing, 7,1.000,1,1024
out_existing, 8,1.000,1,1024
out_existing, 9,1.000,1,1024
out_existing,10,1.001,1,1024
out_existing,11,1.000,1,1024
out_existing,12,1.000,1,1024
out_existing,13,1.000,1,1024
out_existing,14,1.000,1,1024
out_existing,15,1.000,1,1024
out_existing,16,1.000,1,1024
out_existing,17,1.000,1,1024
out_existing,18,1.000,1,1024
out_existing,19,1.000,1,1024
out_existing,20,1.000,1,1024
out_existing,21,1.000,1,1024
out_existing,22,1.000,1,1024
out_existing,23,1.000,1,1024
out_existing,24,1.000,1,1024
out_shadow, 0,1.000,1,1024
out_shadow, 1,1.000,1,1024
out_shadow, 2,1.000,1,1024
out_shadow, 3,1.000,1,1024
out_shadow, 4,1.000,1,1024
out_shadow, 5,1.000,1,1024
out_shadow, 6,1.000,1,1024
out_shadow, 7,1.000,1,1024
out_shadow, 8,1.001,1,1024
out_shadow, 9,1.000,1,1024
out_shadow,10,1.001,1,1024
out_shadow,11,1.000,1,1024
out_shadow,12,1.000,1,1024
out_shadow,13,1.000,1,1024
out_shadow,14,1.000,1,1024
out_shadow,15,1.000,1,1024
out_shadow,16,1.000,1,1024
out_shadow,17,1.000,1,1024
out_shadow,18,1.000,1,1024
out_shadow,19,1.000,1,1024
out_shadow,20,1.000,1,1024
out_shadow,21,1.000,1,1024
out_shadow,22,1.000,1,1024
out_shadow,23,1.000,1,1024
out_shadow,24,1.000,1,1024
noop, 0,1.002,1,32768
noop, 1,1.001,1,32768
noop, 2,1.001,1,32768
noop, 3,1.001,1,32768
noop, 4,1.001,1,32768
noop, 5,1.001,1,32768
noop, 6,1.000,1,32768
noop, 7,1.001,1,32768
noop, 8,1.001,1,32768
noop, 9,1.001,1,32768
noop,10,1.000,1,32768
noop,11,1.002,1,32768
noop,12,1.001,1,32768
noop,13,1.001,1,32768
noop,14,1.001,1,32768
noop,15,1.001,1,32768
noop,16,1.001,1,32768
noop,17,1.001,1,32768
noop,18,1.001,1,32768
noop,19,1.001,1,32768
noop,20,1.001,1,32768
noop,21,1.000,1,32768
noop,22,1.001,1,32768
noop,23,1.001,1,32768
noop,24,1.002,1,32768
in_transfer, 0,18.548,1,32768
in_transfer, 1,18.454,1,32768
in_transfer, 2,18.476,1,32768
in_transfer, 3,18.451,1,32768
in_transfer, 4,18.458,1,32768
in_transfer, 5,18.461,1,32768
in_transfer, 6,18.455,1,32768
in_transfer, 7,18.465,1,32768
in_transfer, 8,18.457,1,32768
in_transfer, 9,18.470,1,32768
in_transfer,10,18.469,1,32768
in_transfer,11,18.456,1,32768
in_transfer,12,18.470,1,32768
in_transfer,13,18.471,1,32768
in_transfer,14,18.458,1,32768
in_transfer,15,18.478,1,32768
in_transfer,16,18.440,1,32768
in_transfer,17,18.468,1,32768
in_transfer,18,18.470,1,32768
in_transfer,19,18.456,1,32768
in_transfer,20,18.467,1,32768
in_transfer,21,18.475,1,32768
in_transfer,22,18.452,1,32768
in_transfer,23,18.467,1,32768
in_transfer,24,18.448,1,32768
in_shadow, 0,18.448,1,32768
in_shadow, 1,18.473,1,32768
in_shadow, 2,18.467,1,32768
in_shadow, 3,18.451,1,32768
in_shadow, 4,18.464,1,32768
in_shadow, 5,18.487,1,32768
in_shadow, 6,18.454,1,32768
in_shadow, 7,18.466,1,32768
in_shadow, 8,18.458,1,32768
in_shadow, 9,18.456,1,32768
in_shadow,10,18.465,1,32768
in_shadow,11,18.455,1,32768
in_shadow,12,18.477,1,32768
in_shadow,13,18.467,1,32768
in_shadow,14,18.457,1,32768
in_shadow,15,18.491,1,32768
in_shadow,16,18.471,1,32768
in_shadow,17,18.499,1,32768
in_shadow,18,18.608,1,32768
in_shadow,19,18.469,1,32768
in_shadow,20,18.478,1,32768
in_shadow,21,18.496,1,32768
in_shadow,22,18.466,1,32768
in_shadow,23,18.489,1,32768
in_shadow,24,18.495,1,32768
out_existing, 0,5.569,1,32768
out_existing, 1,5.631,1,32768
out_existing, 2,5.670,1,32768
out_existing, 3,5.647,1,32768
out_existing, 4,5.644,1,32768
out_existing, 5,5.660,1,32768
out_existing, 6,5.681,1,32768
out_existing, 7,5.669,1,32768
out_existing, 8,5.674,1,32768
out_existing, 9,5.684,1,32768
out_existing,10,5.684,1,32768
out_existing,11,5.693,1,32768
out_existing,12,5.678,1,32768
out_existing,13,5.695,1,32768
out_existing,14,5.706,1,32768
out_existing,15,5.734,1,32768
out_existing,16,5.691,1,32768
out_existing,17,5.716,1,32768
out_existing,18,5.682,1,32768
out_existing,19,5.713,1,32768
out_existing,20,5.693,1,32768
out_existing,21,5.741,1,32768
out_existing,22,5.698,1,32768
out_existing,23,5.711,1,32768
out_existing,24,5.696,1,32768
out_shadow, 0,5.812,1,32768
out_shadow, 1,5.806,1,32768
out_shadow, 2,5.793,1,32768
out_shadow, 3,5.793,1,32768
out_shadow, 4,5.782,1,32768
out_shadow, 5,5.797,1,32768
out_shadow, 6,5.784,1,32768
out_shadow, 7,5.798,1,32768
out_shadow, 8,5.789,1,32768
out_shadow, 9,5.800,1,32768
out_shadow,10,5.786,1,32768
out_shadow,11,5.794,1,32768
out_shadow,12,5.789,1,32768
out_shadow,13,5.793,1,32768
out_shadow,14,5.793,1,32768
out_shadow,15,5.804,1,32768
out_shadow,16,5.792,1,32768
out_shadow,17,5.793,1,32768
out_shadow,18,5.804,1,32768
out_shadow,19,5.795,1,32768
out_shadow,20,5.815,1,32768
out_shadow,21,5.794,1,32768
out_shadow,22,5.803,1,32768
out_shadow,23,5.785,1,32768
out_shadow,24,5.792,1,32768
noop, 0,1.000,1,65536
noop, 1,1.000,1,65536
noop, 2,1.000,1,65536
noop, 3,1.001,1,65536
noop, 4,1.000,1,65536
noop, 5,1.001,1,65536
noop, 6,1.000,1,65536
noop, 7,1.001,1,65536
noop, 8,1.000,1,65536
noop, 9,1.000,1,65536
noop,10,1.001,1,65536
noop,11,1.000,1,65536
noop,12,1.000,1,65536
noop,13,1.000,1,65536
noop,14,1.001,1,65536
noop,15,1.000,1,65536
noop,16,1.000,1,65536
noop,17,1.000,1,65536
noop,18,1.000,1,65536
noop,19,1.000,1,65536
noop,20,1.001,1,65536
noop,21,1.001,1,65536
noop,22,1.001,1,65536
noop,23,1.000,1,65536
noop,24,1.000,1,65536
in_transfer, 0,36.705,1,65536
in_transfer, 1,36.750,1,65536
in_transfer, 2,36.713,1,65536
in_transfer, 3,36.739,1,65536
in_transfer, 4,36.699,1,65536
in_transfer, 5,36.713,1,65536
in_transfer, 6,36.712,1,65536
in_transfer, 7,36.722,1,65536
in_transfer, 8,36.729,1,65536
in_transfer, 9,36.708,1,65536
in_transfer,10,36.713,1,65536
in_transfer,11,36.735,1,65536
in_transfer,12,36.707,1,65536
in_transfer,13,36.712,1,65536
in_transfer,14,36.744,1,65536
in_transfer,15,36.879,1,65536
in_transfer,16,36.762,1,65536
in_transfer,17,36.779,1,65536
in_transfer,18,36.739,1,65536
in_transfer,19,36.751,1,65536
in_transfer,20,36.770,1,65536
in_transfer,21,36.778,1,65536
in_transfer,22,36.739,1,65536
in_transfer,23,36.763,1,65536
in_transfer,24,36.757,1,65536
in_shadow, 0,36.775,1,65536
in_shadow, 1,36.777,1,65536
in_shadow, 2,36.761,1,65536
in_shadow, 3,36.739,1,65536
in_shadow, 4,36.768,1,65536
in_shadow, 5,36.755,1,65536
in_shadow, 6,36.744,1,65536
in_shadow, 7,36.765,1,65536
in_shadow, 8,36.762,1,65536
in_shadow, 9,36.755,1,65536
in_shadow,10,36.759,1,65536
in_shadow,11,36.762,1,65536
in_shadow,12,36.765,1,65536
in_shadow,13,36.765,1,65536
in_shadow,14,36.732,1,65536
in_shadow,15,36.759,1,65536
in_shadow,16,36.765,1,65536
in_shadow,17,36.745,1,65536
in_shadow,18,36.761,1,65536
in_shadow,19,36.765,1,65536
in_shadow,20,36.761,1,65536
in_shadow,21,36.759,1,65536
in_shadow,22,36.755,1,65536
in_shadow,23,36.754,1,65536
in_shadow,24,36.762,1,65536
out_existing, 0,11.416,1,65536
out_existing, 1,11.461,1,65536
out_existing, 2,11.407,1,65536
out_existing, 3,11.403,1,65536
out_existing, 4,11.399,1,65536
out_existing, 5,11.432,1,65536
out_existing, 6,11.494,1,65536
out_existing, 7,11.419,1,65536
out_existing, 8,11.405,1,65536
out_existing, 9,11.395,1,65536
out_existing,10,11.406,1,65536
out_existing,11,11.422,1,65536
out_existing,12,11.397,1,65536
out_existing,13,11.511,1,65536
out_existing,14,11.488,1,65536
out_existing,15,11.467,1,65536
out_existing,16,11.423,1,65536
out_existing,17,11.464,1,65536
out_existing,18,11.417,1,65536
out_existing,19,11.416,1,65536
out_existing,20,11.425,1,65536
out_existing,21,11.416,1,65536
out_existing,22,11.417,1,65536
out_existing,23,11.399,1,65536
out_existing,24,11.474,1,65536
out_shadow, 0,11.440,1,65536
out_shadow, 1,11.416,1,65536
out_shadow, 2,11.404,1,65536
out_shadow, 3,11.404,1,65536
out_shadow, 4,11.410,1,65536
out_shadow, 5,11.403,1,65536
out_shadow, 6,11.415,1,65536
out_shadow, 7,11.419,1,65536
out_shadow, 8,11.517,1,65536
out_shadow, 9,11.475,1,65536
out_shadow,10,11.416,1,65536
out_shadow,11,11.424,1,65536
out_shadow,12,11.423,1,65536
out_shadow,13,11.416,1,65536
out_shadow,14,11.364,1,65536
out_shadow,15,11.439,1,65536
out_shadow,16,11.420,1,65536
out_shadow,17,11.416,1,65536
out_shadow,18,11.413,1,65536
out_shadow,19,11.409,1,65536
out_shadow,20,11.413,1,65536
out_shadow,21,11.413,1,65536
out_shadow,22,11.401,1,65536
out_shadow,23,11.508,1,65536
out_shadow,24,11.409,1,65536
noop, 0,10.000,10,1
noop, 1,10.001,10,1
noop, 2,10.000,10,1
noop, 3,10.001,10,1
noop, 4,10.000,10,1
noop, 5,10.000,10,1
noop, 6,10.000,10,1
noop, 7,10.000,10,1
noop, 8,10.000,10,1
noop, 9,10.000,10,1
noop,10,10.000,10,1
noop,11,10.000,10,1
noop,12,10.001,10,1
noop,13,10.001,10,1
noop,14,10.000,10,1
noop,15,10.000,10,1
noop,16,10.000,10,1
noop,17,10.001,10,1
noop,18,10.001,10,1
noop,19,10.000,10,1
noop,20,10.001,10,1
noop,21,10.001,10,1
noop,22,10.000,10,1
noop,23,10.001,10,1
noop,24,10.000,10,1
in_transfer, 0,10.000,10,1
in_transfer, 1,10.000,10,1
in_transfer, 2,10.000,10,1
in_transfer, 3,10.000,10,1
in_transfer, 4,10.000,10,1
in_transfer, 5,10.000,10,1
in_transfer, 6,10.000,10,1
in_transfer, 7,10.000,10,1
in_transfer, 8,10.001,10,1
in_transfer, 9,10.000,10,1
in_transfer,10,10.000,10,1
in_transfer,11,10.000,10,1
in_transfer,12,10.001,10,1
in_transfer,13,10.001,10,1
in_transfer,14,10.000,10,1
in_transfer,15,10.000,10,1
in_transfer,16,10.000,10,1
in_transfer,17,10.000,10,1
in_transfer,18,10.000,10,1
in_transfer,19,10.001,10,1
in_transfer,20,10.000,10,1
in_transfer,21,10.001,10,1
in_transfer,22,10.000,10,1
in_transfer,23,10.001,10,1
in_transfer,24,10.000,10,1
in_shadow, 0,10.000,10,1
in_shadow, 1,10.000,10,1
in_shadow, 2,10.000,10,1
in_shadow, 3,10.000,10,1
in_shadow, 4,10.000,10,1
in_shadow, 5,10.000,10,1
in_shadow, 6,10.000,10,1
in_shadow, 7,10.001,10,1
in_shadow, 8,10.000,10,1
in_shadow, 9,10.000,10,1
in_shadow,10,10.000,10,1
in_shadow,11,10.000,10,1
in_shadow,12,10.000,10,1
in_shadow,13,10.001,10,1
in_shadow,14,10.000,10,1
in_shadow,15,10.001,10,1
in_shadow,16,10.000,10,1
in_shadow,17,10.000,10,1
in_shadow,18,10.000,10,1
in_shadow,19,10.000,10,1
in_shadow,20,10.000,10,1
in_shadow,21,10.000,10,1
in_shadow,22,10.000,10,1
in_shadow,23,10.001,10,1
in_shadow,24,10.000,10,1
out_existing, 0,10.001,10,1
out_existing, 1,10.001,10,1
out_existing, 2,10.000,10,1
out_existing, 3,10.000,10,1
out_existing, 4,10.001,10,1
out_existing, 5,10.000,10,1
out_existing, 6,10.000,10,1
out_existing, 7,10.002,10,1
out_existing, 8,10.000,10,1
out_existing, 9,10.000,10,1
out_existing,10,10.000,10,1
out_existing,11,10.000,10,1
out_existing,12,10.001,10,1
out_existing,13,10.000,10,1
out_existing,14,10.000,10,1
out_existing,15,10.000,10,1
out_existing,16,10.001,10,1
out_existing,17,10.001,10,1
out_existing,18,10.000,10,1
out_existing,19,10.000,10,1
out_existing,20,10.000,10,1
out_existing,21,10.000,10,1
out_existing,22,10.001,10,1
out_existing,23,10.001,10,1
out_existing,24,10.000,10,1
out_shadow, 0,10.001,10,1
out_shadow, 1,10.000,10,1
out_shadow, 2,10.000,10,1
out_shadow, 3,10.000,10,1
out_shadow, 4,10.000,10,1
out_shadow, 5,10.000,10,1
out_shadow, 6,10.000,10,1
out_shadow, 7,10.001,10,1
out_shadow, 8,10.000,10,1
out_shadow, 9,10.000,10,1
out_shadow,10,10.000,10,1
out_shadow,11,10.000,10,1
out_shadow,12,10.000,10,1
out_shadow,13,10.000,10,1
out_shadow,14,10.000,10,1
out_shadow,15,10.000,10,1
out_shadow,16,10.000,10,1
out_shadow,17,10.001,10,1
out_shadow,18,10.000,10,1
out_shadow,19,10.000,10,1
out_shadow,20,10.001,10,1
out_shadow,21,10.000,10,1
out_shadow,22,10.001,10,1
out_shadow,23,10.002,10,1
out_shadow,24,10.000,10,1
noop, 0,10.001,10,32
noop, 1,10.000,10,32
noop, 2,10.000,10,32
noop, 3,10.000,10,32
noop, 4,10.000,10,32
noop, 5,10.000,10,32
noop, 6,10.000,10,32
noop, 7,10.000,10,32
noop, 8,10.000,10,32
noop, 9,10.000,10,32
noop,10,10.000,10,32
noop,11,10.000,10,32
noop,12,10.000,10,32
noop,13,10.000,10,32
noop,14,10.000,10,32
noop,15,10.001,10,32
noop,16,10.001,10,32
noop,17,10.000,10,32
noop,18,10.001,10,32
noop,19,10.001,10,32
noop,20,10.000,10,32
noop,21,10.000,10,32
noop,22,10.001,10,32
noop,23,10.000,10,32
noop,24,10.000,10,32
in_transfer, 0,10.001,10,32
in_transfer, 1,10.000,10,32
in_transfer, 2,10.000,10,32
in_transfer, 3,10.000,10,32
in_transfer, 4,10.001,10,32
in_transfer, 5,10.001,10,32
in_transfer, 6,10.000,10,32
in_transfer, 7,10.000,10,32
in_transfer, 8,10.000,10,32
in_transfer, 9,10.000,10,32
in_transfer,10,10.000,10,32
in_transfer,11,10.000,10,32
in_transfer,12,10.000,10,32
in_transfer,13,10.000,10,32
in_transfer,14,10.000,10,32
in_transfer,15,10.000,10,32
in_transfer,16,10.001,10,32
in_transfer,17,10.000,10,32
in_transfer,18,10.000,10,32
in_transfer,19,10.000,10,32
in_transfer,20,10.000,10,32
in_transfer,21,10.000,10,32
in_transfer,22,10.000,10,32
in_transfer,23,10.001,10,32
in_transfer,24,10.000,10,32
in_shadow, 0,10.000,10,32
in_shadow, 1,10.000,10,32
in_shadow, 2,10.001,10,32
in_shadow, 3,10.000,10,32
in_shadow, 4,10.000,10,32
in_shadow, 5,10.000,10,32
in_shadow, 6,10.000,10,32
in_shadow, 7,10.000,10,32
in_shadow, 8,10.000,10,32
in_shadow, 9,10.000,10,32
in_shadow,10,10.000,10,32
in_shadow,11,10.001,10,32
in_shadow,12,10.000,10,32
in_shadow,13,10.000,10,32
in_shadow,14,10.000,10,32
in_shadow,15,10.000,10,32
in_shadow,16,10.000,10,32
in_shadow,17,10.001,10,32
in_shadow,18,10.000,10,32
in_shadow,19,10.000,10,32
in_shadow,20,10.000,10,32
in_shadow,21,10.000,10,32
in_shadow,22,10.000,10,32
in_shadow,23,10.000,10,32
in_shadow,24,10.000,10,32
out_existing, 0,10.000,10,32
out_existing, 1,10.000,10,32
out_existing, 2,10.000,10,32
out_existing, 3,10.000,10,32
out_existing, 4,10.000,10,32
out_existing, 5,10.001,10,32
out_existing, 6,10.000,10,32
out_existing, 7,10.001,10,32
out_existing, 8,10.001,10,32
out_existing, 9,10.000,10,32
out_existing,10,10.000,10,32
out_existing,11,10.000,10,32
out_existing,12,10.000,10,32
out_existing,13,10.000,10,32
out_existing,14,10.000,10,32
out_existing,15,10.001,10,32
out_existing,16,10.000,10,32
out_existing,17,10.000,10,32
out_existing,18,10.000,10,32
out_existing,19,10.000,10,32
out_existing,20,10.000,10,32
out_existing,21,10.000,10,32
out_existing,22,10.001,10,32
out_existing,23,10.001,10,32
out_existing,24,10.000,10,32
out_shadow, 0,10.000,10,32
out_shadow, 1,10.000,10,32
out_shadow, 2,10.000,10,32
out_shadow, 3,10.000,10,32
out_shadow, 4,10.000,10,32
out_shadow, 5,10.000,10,32
out_shadow, 6,10.000,10,32
out_shadow, 7,10.000,10,32
out_shadow, 8,10.000,10,32
out_shadow, 9,10.001,10,32
out_shadow,10,10.000,10,32
out_shadow,11,10.000,10,32
out_shadow,12,10.000,10,32
out_shadow,13,10.000,10,32
out_shadow,14,10.000,10,32
out_shadow,15,10.001,10,32
out_shadow,16,10.000,10,32
out_shadow,17,10.000,10,32
out_shadow,18,10.000,10,32
out_shadow,19,10.000,10,32
out_shadow,20,10.000,10,32
out_shadow,21,10.001,10,32
out_shadow,22,10.000,10,32
out_shadow,23,10.000,10,32
out_shadow,24,10.000,10,32
noop, 0,10.001,10,1024
noop, 1,10.000,10,1024
noop, 2,10.000,10,1024
noop, 3,10.001,10,1024
noop, 4,10.000,10,1024
noop, 5,10.001,10,1024
noop, 6,10.000,10,1024
noop, 7,10.001,10,1024
noop, 8,10.000,10,1024
noop, 9,10.001,10,1024
noop,10,10.000,10,1024
noop,11,10.000,10,1024
noop,12,10.000,10,1024
noop,13,10.000,10,1024
noop,14,10.000,10,1024
noop,15,10.000,10,1024
noop,16,10.001,10,1024
noop,17,10.000,10,1024
noop,18,10.000,10,1024
noop,19,10.000,10,1024
noop,20,10.000,10,1024
noop,21,10.000,10,1024
noop,22,10.001,10,1024
noop,23,10.000,10,1024
noop,24,10.000,10,1024
in_transfer, 0,10.000,10,1024
in_transfer, 1,10.001,10,1024
in_transfer, 2,10.000,10,1024
in_transfer, 3,10.000,10,1024
in_transfer, 4,10.001,10,1024
in_transfer, 5,10.000,10,1024
in_transfer, 6,10.000,10,1024
in_transfer, 7,10.000,10,1024
in_transfer, 8,10.001,10,1024
in_transfer, 9,10.000,10,1024
in_transfer,10,10.000,10,1024
in_transfer,11,10.000,10,1024
in_transfer,12,10.000,10,1024
in_transfer,13,10.000,10,1024
in_transfer,14,10.000,10,1024
in_transfer,15,10.002,10,1024
in_transfer,16,10.000,10,1024
in_transfer,17,10.000,10,1024
in_transfer,18,10.000,10,1024
in_transfer,19,10.000,10,1024
in_transfer,20,10.000,10,1024
in_transfer,21,10.001,10,1024
in_transfer,22,10.001,10,1024
in_transfer,23,10.000,10,1024
in_transfer,24,10.000,10,1024
in_shadow, 0,10.001,10,1024
in_shadow, 1,10.000,10,1024
in_shadow, 2,10.001,10,1024
in_shadow, 3,10.000,10,1024
in_shadow, 4,10.000,10,1024
in_shadow, 5,10.000,10,1024
in_shadow, 6,10.000,10,1024
in_shadow, 7,10.001,10,1024
in_shadow, 8,10.001,10,1024
in_shadow, 9,10.000,10,1024
in_shadow,10,10.001,10,1024
in_shadow,11,10.000,10,1024
in_shadow,12,10.001,10,1024
in_shadow,13,10.000,10,1024
in_shadow,14,10.001,10,1024
in_shadow,15,10.000,10,1024
in_shadow,16,10.000,10,1024
in_shadow,17,10.001,10,1024
in_shadow,18,10.000,10,1024
in_shadow,19,10.001,10,1024
in_shadow,20,10.000,10,1024
in_shadow,21,10.000,10,1024
in_shadow,22,10.001,10,1024
in_shadow,23,10.000,10,1024
in_shadow,24,10.000,10,1024
out_existing, 0,10.000,10,1024
out_existing, 1,10.000,10,1024
out_existing, 2,10.000,10,1024
out_existing, 3,10.000,10,1024
out_existing, 4,10.000,10,1024
out_existing, 5,10.000,10,1024
out_existing, 6,10.000,10,1024
out_existing, 7,10.000,10,1024
out_existing, 8,10.001,10,1024
out_existing, 9,10.000,10,1024
out_existing,10,10.000,10,1024
out_existing,11,10.000,10,1024
out_existing,12,10.000,10,1024
out_existing,13,10.001,10,1024
out_existing,14,10.001,10,1024
out_existing,15,10.000,10,1024
out_existing,16,10.000,10,1024
out_existing,17,10.000,10,1024
out_existing,18,10.001,10,1024
out_existing,19,10.000,10,1024
out_existing,20,10.001,10,1024
out_existing,21,10.000,10,1024
out_existing,22,10.000,10,1024
out_existing,23,10.000,10,1024
out_existing,24,10.000,10,1024
out_shadow, 0,10.001,10,1024
out_shadow, 1,10.000,10,1024
out_shadow, 2,10.000,10,1024
out_shadow, 3,10.001,10,1024
out_shadow, 4,10.000,10,1024
out_shadow, 5,10.000,10,1024
out_shadow, 6,10.000,10,1024
out_shadow, 7,10.000,10,1024
out_shadow, 8,10.000,10,1024
out_shadow, 9,10.000,10,1024
out_shadow,10,10.000,10,1024
out_shadow,11,10.000,10,1024
out_shadow,12,10.000,10,1024
out_shadow,13,10.000,10,1024
out_shadow,14,10.000,10,1024
out_shadow,15,10.000,10,1024
out_shadow,16,10.001,10,1024
out_shadow,17,10.000,10,1024
out_shadow,18,10.000,10,1024
out_shadow,19,10.000,10,1024
out_shadow,20,10.000,10,1024
out_shadow,21,10.000,10,1024
out_shadow,22,10.000,10,1024
out_shadow,23,10.000,10,1024
out_shadow,24,10.000,10,1024
noop, 0,10.002,10,32768
noop, 1,10.000,10,32768
noop, 2,10.000,10,32768
noop, 3,10.001,10,32768
noop, 4,10.000,10,32768
noop, 5,10.001,10,32768
noop, 6,10.001,10,32768
noop, 7,10.001,10,32768
noop, 8,10.001,10,32768
noop, 9,10.001,10,32768
noop,10,10.000,10,32768
noop,11,10.001,10,32768
noop,12,10.002,10,32768
noop,13,10.001,10,32768
noop,14,10.001,10,32768
noop,15,10.001,10,32768
noop,16,10.001,10,32768
noop,17,10.000,10,32768
noop,18,10.000,10,32768
noop,19,10.001,10,32768
noop,20,10.003,10,32768
noop,21,10.000,10,32768
noop,22,10.001,10,32768
noop,23,10.000,10,32768
noop,24,10.002,10,32768
in_transfer, 0,20.102,10,32768
in_transfer, 1,19.955,10,32768
in_transfer, 2,19.927,10,32768
in_transfer, 3,19.959,10,32768
in_transfer, 4,19.950,10,32768
in_transfer, 5,20.035,10,32768
in_transfer, 6,19.962,10,32768
in_transfer, 7,20.007,10,32768
in_transfer, 8,19.956,10,32768
in_transfer, 9,19.954,10,32768
in_transfer,10,19.987,10,32768
in_transfer,11,20.018,10,32768
in_transfer,12,19.955,10,32768
in_transfer,13,19.941,10,32768
in_transfer,14,19.948,10,32768
in_transfer,15,19.955,10,32768
in_transfer,16,19.947,10,32768
in_transfer,17,19.956,10,32768
in_transfer,18,19.955,10,32768
in_transfer,19,19.955,10,32768
in_transfer,20,19.956,10,32768
in_transfer,21,19.960,10,32768
in_transfer,22,20.032,10,32768
in_transfer,23,19.954,10,32768
in_transfer,24,19.957,10,32768
in_shadow, 0,19.948,10,32768
in_shadow, 1,19.948,10,32768
in_shadow, 2,20.179,10,32768
in_shadow, 3,19.950,10,32768
in_shadow, 4,19.951,10,32768
in_shadow, 5,19.941,10,32768
in_shadow, 6,19.983,10,32768
in_shadow, 7,19.968,10,32768
in_shadow, 8,20.047,10,32768
in_shadow, 9,19.964,10,32768
in_shadow,10,19.954,10,32768
in_shadow,11,19.951,10,32768
in_shadow,12,20.091,10,32768
in_shadow,13,19.955,10,32768
in_shadow,14,19.953,10,32768
in_shadow,15,19.949,10,32768
in_shadow,16,19.983,10,32768
in_shadow,17,19.949,10,32768
in_shadow,18,19.952,10,32768
in_shadow,19,20.030,10,32768
in_shadow,20,19.959,10,32768
in_shadow,21,19.956,10,32768
in_shadow,22,19.956,10,32768
in_shadow,23,19.955,10,32768
in_shadow,24,19.950,10,32768
out_existing, 0,10.001,10,32768
out_existing, 1,10.003,10,32768
out_existing, 2,10.003,10,32768
out_existing, 3,10.003,10,32768
out_existing, 4,10.002,10,32768
out_existing, 5,10.003,10,32768
out_existing, 6,10.003,10,32768
out_existing, 7,10.001,10,32768
out_existing, 8,10.004,10,32768
out_existing, 9,10.002,10,32768
out_existing,10,10.004,10,32768
out_existing,11,10.002,10,32768
out_existing,12,10.003,10,32768
out_existing,13,10.003,10,32768
out_existing,14,10.005,10,32768
out_existing,15,10.002,10,32768
out_existing,16,10.003,10,32768
out_existing,17,10.004,10,32768
out_existing,18,10.003,10,32768
out_existing,19,10.003,10,32768
out_existing,20,10.001,10,32768
out_existing,21,10.004,10,32768
out_existing,22,10.002,10,32768
out_existing,23,10.003,10,32768
out_existing,24,10.003,10,32768
out_shadow, 0,10.002,10,32768
out_shadow, 1,10.004,10,32768
out_shadow, 2,10.004,10,32768
out_shadow, 3,10.003,10,32768
out_shadow, 4,10.002,10,32768
out_shadow, 5,10.003,10,32768
out_shadow, 6,10.002,10,32768
out_shadow, 7,10.004,10,32768
out_shadow, 8,10.003,10,32768
out_shadow, 9,10.004,10,32768
out_shadow,10,10.003,10,32768
out_shadow,11,10.001,10,32768
out_shadow,12,10.003,10,32768
out_shadow,13,10.003,10,32768
out_shadow,14,10.003,10,32768
out_shadow,15,10.002,10,32768
out_shadow,16,10.004,10,32768
out_shadow,17,10.004,10,32768
out_shadow,18,10.003,10,32768
out_shadow,19,10.003,10,32768
out_shadow,20,10.001,10,32768
out_shadow,21,10.002,10,32768
out_shadow,22,10.003,10,32768
out_shadow,23,10.004,10,32768
out_shadow,24,10.003,10,32768
noop, 0,10.001,10,65536
noop, 1,10.000,10,65536
noop, 2,10.001,10,65536
noop, 3,10.001,10,65536
noop, 4,10.001,10,65536
noop, 5,10.001,10,65536
noop, 6,10.001,10,65536
noop, 7,10.001,10,65536
noop, 8,10.000,10,65536
noop, 9,10.000,10,65536
noop,10,10.000,10,65536
noop,11,10.001,10,65536
noop,12,10.000,10,65536
noop,13,10.000,10,65536
noop,14,10.001,10,65536
noop,15,10.001,10,65536
noop,16,10.003,10,65536
noop,17,10.001,10,65536
noop,18,10.001,10,65536
noop,19,10.000,10,65536
noop,20,10.001,10,65536
noop,21,10.001,10,65536
noop,22,10.000,10,65536
noop,23,10.000,10,65536
noop,24,10.003,10,65536
in_transfer, 0,38.217,10,65536
in_transfer, 1,38.242,10,65536
in_transfer, 2,38.210,10,65536
in_transfer, 3,38.260,10,65536
in_transfer, 4,38.247,10,65536
in_transfer, 5,38.216,10,65536
in_transfer, 6,38.223,10,65536
in_transfer, 7,38.229,10,65536
in_transfer, 8,38.220,10,65536
in_transfer, 9,38.219,10,65536
in_transfer,10,38.248,10,65536
in_transfer,11,38.260,10,65536
in_transfer,12,38.221,10,65536
in_transfer,13,38.271,10,65536
in_transfer,14,38.226,10,65536
in_transfer,15,38.195,10,65536
in_transfer,16,38.240,10,65536
in_transfer,17,38.234,10,65536
in_transfer,18,38.219,10,65536
in_transfer,19,38.251,10,65536
in_transfer,20,38.247,10,65536
in_transfer,21,38.232,10,65536
in_transfer,22,38.218,10,65536
in_transfer,23,38.231,10,65536
in_transfer,24,38.243,10,65536
in_shadow, 0,38.223,10,65536
in_shadow, 1,38.206,10,65536
in_shadow, 2,38.234,10,65536
in_shadow, 3,38.224,10,65536
in_shadow, 4,38.214,10,65536
in_shadow, 5,38.325,10,65536
in_shadow, 6,38.235,10,65536
in_shadow, 7,38.260,10,65536
in_shadow, 8,38.228,10,65536
in_shadow, 9,38.233,10,65536
in_shadow,10,38.250,10,65536
in_shadow,11,38.221,10,65536
in_shadow,12,38.214,10,65536
in_shadow,13,38.239,10,65536
in_shadow,14,38.387,10,65536
in_shadow,15,38.238,10,65536
in_shadow,16,38.248,10,65536
in_shadow,17,38.226,10,65536
in_shadow,18,38.219,10,65536
in_shadow,19,38.210,10,65536
in_shadow,20,38.205,10,65536
in_shadow,21,38.229,10,65536
in_shadow,22,38.239,10,65536
in_shadow,23,38.274,10,65536
in_shadow,24,38.229,10,65536
out_existing, 0,12.893,10,65536
out_existing, 1,12.876,10,65536
out_existing, 2,12.935,10,65536
out_existing, 3,12.866,10,65536
out_existing, 4,12.886,10,65536
out_existing, 5,12.890,10,65536
out_existing, 6,12.878,10,65536
out_existing, 7,12.895,10,65536
out_existing, 8,12.918,10,65536
out_existing, 9,12.879,10,65536
out_existing,10,12.901,10,65536
out_existing,11,12.886,10,65536
out_existing,12,12.873,10,65536
out_existing,13,12.891,10,65536
out_existing,14,12.865,10,65536
out_existing,15,12.885,10,65536
out_existing,16,12.887,10,65536
out_existing,17,12.923,10,65536
out_existing,18,12.945,10,65536
out_existing,19,12.887,10,65536
out_existing,20,12.876,10,65536
out_existing,21,12.880,10,65536
out_existing,22,12.883,10,65536
out_existing,23,12.989,10,65536
out_existing,24,12.894,10,65536
out_shadow, 0,12.988,10,65536
out_shadow, 1,12.893,10,65536
out_shadow, 2,12.883,10,65536
out_shadow, 3,12.889,10,65536
out_shadow, 4,12.879,10,65536
out_shadow, 5,12.912,10,65536
out_shadow, 6,12.893,10,65536
out_shadow, 7,12.869,10,65536
out_shadow, 8,12.868,10,65536
out_shadow, 9,12.966,10,65536
out_shadow,10,12.903,10,65536
out_shadow,11,12.886,10,65536
out_shadow,12,12.868,10,65536
out_shadow,13,12.880,10,65536
out_shadow,14,12.993,10,65536
out_shadow,15,12.827,10,65536
out_shadow,16,12.890,10,65536
out_shadow,17,12.869,10,65536
out_shadow,18,12.977,10,65536
out_shadow,19,12.892,10,65536
out_shadow,20,12.871,10,65536
out_shadow,21,12.905,10,65536
out_shadow,22,12.859,10,65536
out_shadow,23,12.892,10,65536
out_shadow,24,12.859,10,65536
noop, 0,100.001,100,1
noop, 1,100.001,100,1
noop, 2,100.000,100,1
noop, 3,100.000,100,1
noop, 4,100.001,100,1
noop, 5,100.001,100,1
noop, 6,100.000,100,1
noop, 7,100.001,100,1
noop, 8,100.000,100,1
noop, 9,100.000,100,1
noop,10,100.000,100,1
noop,11,100.000,100,1
noop,12,100.000,100,1
noop,13,100.000,100,1
noop,14,100.001,100,1
noop,15,100.000,100,1
noop,16,100.001,100,1
noop,17,100.000,100,1
noop,18,100.000,100,1
noop,19,100.000,100,1
noop,20,100.000,100,1
noop,21,100.000,100,1
noop,22,100.000,100,1
noop,23,100.000,100,1
noop,24,100.000,100,1
in_transfer, 0,100.001,100,1
in_transfer, 1,100.000,100,1
in_transfer, 2,100.000,100,1
in_transfer, 3,100.000,100,1
in_transfer, 4,100.000,100,1
in_transfer, 5,100.001,100,1
in_transfer, 6,100.000,100,1
in_transfer, 7,100.001,100,1
in_transfer, 8,100.000,100,1
in_transfer, 9,100.000,100,1
in_transfer,10,100.001,100,1
in_transfer,11,100.000,100,1
in_transfer,12,100.000,100,1
in_transfer,13,100.000,100,1
in_transfer,14,100.000,100,1
in_transfer,15,100.000,100,1
in_transfer,16,100.001,100,1
in_transfer,17,100.001,100,1
in_transfer,18,100.001,100,1
in_transfer,19,100.000,100,1
in_transfer,20,100.000,100,1
in_transfer,21,100.000,100,1
in_transfer,22,100.000,100,1
in_transfer,23,100.000,100,1
in_transfer,24,100.000,100,1
in_shadow, 0,100.000,100,1
in_shadow, 1,100.000,100,1
in_shadow, 2,100.000,100,1
in_shadow, 3,100.000,100,1
in_shadow, 4,100.000,100,1
in_shadow, 5,100.000,100,1
in_shadow, 6,100.000,100,1
in_shadow, 7,100.000,100,1
in_shadow, 8,100.000,100,1
in_shadow, 9,100.001,100,1
in_shadow,10,100.000,100,1
in_shadow,11,100.000,100,1
in_shadow,12,100.001,100,1
in_shadow,13,100.000,100,1
in_shadow,14,100.000,100,1
in_shadow,15,100.000,100,1
in_shadow,16,100.000,100,1
in_shadow,17,100.000,100,1
in_shadow,18,100.001,100,1
in_shadow,19,100.000,100,1
in_shadow,20,100.000,100,1
in_shadow,21,100.001,100,1
in_shadow,22,100.000,100,1
in_shadow,23,100.000,100,1
in_shadow,24,100.000,100,1
out_existing, 0,100.001,100,1
out_existing, 1,100.001,100,1
out_existing, 2,100.000,100,1
out_existing, 3,100.000,100,1
out_existing, 4,100.001,100,1
out_existing, 5,100.000,100,1
out_existing, 6,100.000,100,1
out_existing, 7,100.001,100,1
out_existing, 8,100.000,100,1
out_existing, 9,100.000,100,1
out_existing,10,100.000,100,1
out_existing,11,100.000,100,1
out_existing,12,100.001,100,1
out_existing,13,100.000,100,1
out_existing,14,100.001,100,1
out_existing,15,100.000,100,1
out_existing,16,100.000,100,1
out_existing,17,100.001,100,1
out_existing,18,100.001,100,1
out_existing,19,100.000,100,1
out_existing,20,100.000,100,1
out_existing,21,100.000,100,1
out_existing,22,100.000,100,1
out_existing,23,100.001,100,1
out_existing,24,100.000,100,1
out_shadow, 0,100.000,100,1
out_shadow, 1,100.001,100,1
out_shadow, 2,100.000,100,1
out_shadow, 3,100.001,100,1
out_shadow, 4,100.001,100,1
out_shadow, 5,100.000,100,1
out_shadow, 6,100.001,100,1
out_shadow, 7,100.000,100,1
out_shadow, 8,100.000,100,1
out_shadow, 9,100.000,100,1
out_shadow,10,100.000,100,1
out_shadow,11,100.000,100,1
out_shadow,12,100.000,100,1
out_shadow,13,100.000,100,1
out_shadow,14,100.000,100,1
out_shadow,15,100.000,100,1
out_shadow,16,100.000,100,1
out_shadow,17,100.000,100,1
out_shadow,18,100.001,100,1
out_shadow,19,100.000,100,1
out_shadow,20,100.002,100,1
out_shadow,21,100.001,100,1
out_shadow,22,100.001,100,1
out_shadow,23,100.000,100,1
out_shadow,24,100.000,100,1
noop, 0,100.001,100,32
noop, 1,100.000,100,32
noop, 2,100.000,100,32
noop, 3,100.001,100,32
noop, 4,100.000,100,32
noop, 5,100.000,100,32
noop, 6,100.001,100,32
noop, 7,100.001,100,32
noop, 8,100.000,100,32
noop, 9,100.001,100,32
noop,10,100.000,100,32
noop,11,100.000,100,32
noop,12,100.002,100,32
noop,13,100.000,100,32
noop,14,100.000,100,32
noop,15,100.000,100,32
noop,16,100.007,100,32
noop,17,100.001,100,32
noop,18,100.000,100,32
noop,19,100.001,100,32
noop,20,100.001,100,32
noop,21,100.001,100,32
noop,22,100.000,100,32
noop,23,100.000,100,32
noop,24,100.000,100,32
in_transfer, 0,100.000,100,32
in_transfer, 1,100.000,100,32
in_transfer, 2,100.001,100,32
in_transfer, 3,100.000,100,32
in_transfer, 4,100.001,100,32
in_transfer, 5,100.000,100,32
in_transfer, 6,100.000,100,32
in_transfer, 7,100.000,100,32
in_transfer, 8,100.000,100,32
in_transfer, 9,100.000,100,32
in_transfer,10,100.000,100,32
in_transfer,11,100.000,100,32
in_transfer,12,100.000,100,32
in_transfer,13,100.000,100,32
in_transfer,14,100.000,100,32
in_transfer,15,100.001,100,32
in_transfer,16,100.000,100,32
in_transfer,17,100.000,100,32
in_transfer,18,100.000,100,32
in_transfer,19,100.000,100,32
in_transfer,20,100.000,100,32
in_transfer,21,100.000,100,32
in_transfer,22,100.001,100,32
in_transfer,23,100.000,100,32
in_transfer,24,100.000,100,32
in_shadow, 0,100.000,100,32
in_shadow, 1,100.001,100,32
in_shadow, 2,100.000,100,32
in_shadow, 3,100.000,100,32
in_shadow, 4,100.000,100,32
in_shadow, 5,100.000,100,32
in_shadow, 6,100.000,100,32
in_shadow, 7,100.000,100,32
in_shadow, 8,100.000,100,32
in_shadow, 9,100.000,100,32
in_shadow,10,100.001,100,32
in_shadow,11,100.000,100,32
in_shadow,12,100.000,100,32
in_shadow,13,100.001,100,32
in_shadow,14,100.000,100,32
in_shadow,15,100.001,100,32
in_shadow,16,100.001,100,32
in_shadow,17,100.001,100,32
in_shadow,18,100.001,100,32
in_shadow,19,100.000,100,32
in_shadow,20,100.000,100,32
in_shadow,21,100.000,100,32
in_shadow,22,100.000,100,32
in_shadow,23,100.000,100,32
in_shadow,24,100.000,100,32
out_existing, 0,100.000,100,32
out_existing, 1,100.001,100,32
out_existing, 2,100.000,100,32
out_existing, 3,100.000,100,32
out_existing, 4,100.000,100,32
out_existing, 5,100.000,100,32
out_existing, 6,100.000,100,32
out_existing, 7,100.000,100,32
out_existing, 8,100.001,100,32
out_existing, 9,100.000,100,32
out_existing,10,100.000,100,32
out_existing,11,100.000,100,32
out_existing,12,100.000,100,32
out_existing,13,100.000,100,32
out_existing,14,100.001,100,32
out_existing,15,100.000,100,32
out_existing,16,100.000,100,32
out_existing,17,100.000,100,32
out_existing,18,100.000,100,32
out_existing,19,100.000,100,32
out_existing,20,100.000,100,32
out_existing,21,100.000,100,32
out_existing,22,100.001,100,32
out_existing,23,100.000,100,32
out_existing,24,100.000,100,32
out_shadow, 0,100.000,100,32
out_shadow, 1,100.000,100,32
out_shadow, 2,100.000,100,32
out_shadow, 3,100.001,100,32
out_shadow, 4,100.001,100,32
out_shadow, 5,100.000,100,32
out_shadow, 6,100.000,100,32
out_shadow, 7,100.000,100,32
out_shadow, 8,100.000,100,32
out_shadow, 9,100.000,100,32
out_shadow,10,100.001,100,32
out_shadow,11,100.000,100,32
out_shadow,12,100.000,100,32
out_shadow,13,100.000,100,32
out_shadow,14,100.000,100,32
out_shadow,15,100.000,100,32
out_shadow,16,100.001,100,32
out_shadow,17,100.000,100,32
out_shadow,18,100.000,100,32
out_shadow,19,100.000,100,32
out_shadow,20,100.001,100,32
out_shadow,21,100.000,100,32
out_shadow,22,100.000,100,32
out_shadow,23,100.000,100,32
out_shadow,24,100.000,100,32
noop, 0,100.000,100,1024
noop, 1,100.001,100,1024
noop, 2,100.000,100,1024
noop, 3,100.000,100,1024
noop, 4,100.000,100,1024
noop, 5,100.000,100,1024
noop, 6,100.000,100,1024
noop, 7,100.000,100,1024
noop, 8,100.000,100,1024
noop, 9,100.001,100,1024
noop,10,100.000,100,1024
noop,11,100.000,100,1024
noop,12,100.000,100,1024
noop,13,100.000,100,1024
noop,14,100.000,100,1024
noop,15,100.000,100,1024
noop,16,100.000,100,1024
noop,17,100.001,100,1024
noop,18,100.000,100,1024
noop,19,100.001,100,1024
noop,20,100.000,100,1024
noop,21,100.002,100,1024
noop,22,100.000,100,1024
noop,23,100.000,100,1024
noop,24,100.000,100,1024
in_transfer, 0,100.001,100,1024
in_transfer, 1,100.000,100,1024
in_transfer, 2,100.000,100,1024
in_transfer, 3,100.000,100,1024
in_transfer, 4,100.000,100,1024
in_transfer, 5,100.001,100,1024
in_transfer, 6,100.000,100,1024
in_transfer, 7,100.001,100,1024
in_transfer, 8,100.000,100,1024
in_transfer, 9,100.000,100,1024
in_transfer,10,100.000,100,1024
in_transfer,11,100.001,100,1024
in_transfer,12,100.002,100,1024
in_transfer,13,100.000,100,1024
in_transfer,14,100.000,100,1024
in_transfer,15,100.000,100,1024
in_transfer,16,100.000,100,1024
in_transfer,17,100.000,100,1024
in_transfer,18,100.000,100,1024
in_transfer,19,100.000,100,1024
in_transfer,20,100.000,100,1024
in_transfer,21,100.000,100,1024
in_transfer,22,100.000,100,1024
in_transfer,23,100.000,100,1024
in_transfer,24,100.001,100,1024
in_shadow, 0,100.000,100,1024
in_shadow, 1,100.000,100,1024
in_shadow, 2,100.000,100,1024
in_shadow, 3,100.001,100,1024
in_shadow, 4,100.000,100,1024
in_shadow, 5,100.000,100,1024
in_shadow, 6,100.000,100,1024
in_shadow, 7,100.001,100,1024
in_shadow, 8,100.001,100,1024
in_shadow, 9,100.000,100,1024
in_shadow,10,100.001,100,1024
in_shadow,11,100.000,100,1024
in_shadow,12,100.000,100,1024
in_shadow,13,100.000,100,1024
in_shadow,14,100.000,100,1024
in_shadow,15,100.000,100,1024
in_shadow,16,100.001,100,1024
in_shadow,17,100.001,100,1024
in_shadow,18,100.000,100,1024
in_shadow,19,100.000,100,1024
in_shadow,20,100.000,100,1024
in_shadow,21,100.000,100,1024
in_shadow,22,100.000,100,1024
in_shadow,23,100.000,100,1024
in_shadow,24,100.000,100,1024
out_existing, 0,100.005,100,1024
out_existing, 1,100.001,100,1024
out_existing, 2,100.001,100,1024
out_existing, 3,100.000,100,1024
out_existing, 4,100.000,100,1024
out_existing, 5,100.001,100,1024
out_existing, 6,100.000,100,1024
out_existing, 7,100.001,100,1024
out_existing, 8,100.000,100,1024
out_existing, 9,100.000,100,1024
out_existing,10,100.000,100,1024
out_existing,11,100.000,100,1024
out_existing,12,100.000,100,1024
out_existing,13,100.000,100,1024
out_existing,14,100.001,100,1024
out_existing,15,100.000,100,1024
out_existing,16,100.001,100,1024
out_existing,17,100.000,100,1024
out_existing,18,100.001,100,1024
out_existing,19,100.000,100,1024
out_existing,20,100.000,100,1024
out_existing,21,100.000,100,1024
out_existing,22,100.000,100,1024
out_existing,23,100.001,100,1024
out_existing,24,100.000,100,1024
out_shadow, 0,100.002,100,1024
out_shadow, 1,100.000,100,1024
out_shadow, 2,100.000,100,1024
out_shadow, 3,100.000,100,1024
out_shadow, 4,100.000,100,1024
out_shadow, 5,100.000,100,1024
out_shadow, 6,100.000,100,1024
out_shadow, 7,100.000,100,1024
out_shadow, 8,100.000,100,1024
out_shadow, 9,100.001,100,1024
out_shadow,10,100.000,100,1024
out_shadow,11,100.001,100,1024
out_shadow,12,100.000,100,1024
out_shadow,13,100.001,100,1024
out_shadow,14,100.000,100,1024
out_shadow,15,100.000,100,1024
out_shadow,16,100.000,100,1024
out_shadow,17,100.000,100,1024
out_shadow,18,100.000,100,1024
out_shadow,19,100.000,100,1024
out_shadow,20,100.001,100,1024
out_shadow,21,100.000,100,1024
out_shadow,22,100.000,100,1024
out_shadow,23,100.000,100,1024
out_shadow,24,100.000,100,1024
noop, 0,100.001,100,32768
noop, 1,100.002,100,32768
noop, 2,100.001,100,32768
noop, 3,100.001,100,32768
noop, 4,100.001,100,32768
noop, 5,100.000,100,32768
noop, 6,100.001,100,32768
noop, 7,100.000,100,32768
noop, 8,100.000,100,32768
noop, 9,100.000,100,32768
noop,10,100.001,100,32768
noop,11,100.003,100,32768
noop,12,100.001,100,32768
noop,13,100.001,100,32768
noop,14,100.000,100,32768
noop,15,100.003,100,32768
noop,16,100.003,100,32768
noop,17,100.001,100,32768
noop,18,100.002,100,32768
noop,19,100.001,100,32768
noop,20,100.001,100,32768
noop,21,100.001,100,32768
noop,22,100.000,100,32768
noop,23,100.003,100,32768
noop,24,100.000,100,32768
in_transfer, 0,100.003,100,32768
in_transfer, 1,100.002,100,32768
in_transfer, 2,100.002,100,32768
in_transfer, 3,100.001,100,32768
in_transfer, 4,100.001,100,32768
in_transfer, 5,100.001,100,32768
in_transfer, 6,100.003,100,32768
in_transfer, 7,100.002,100,32768
in_transfer, 8,100.003,100,32768
in_transfer, 9,100.001,100,32768
in_transfer,10,100.002,100,32768
in_transfer,11,100.002,100,32768
in_transfer,12,100.003,100,32768
in_transfer,13,100.002,100,32768
in_transfer,14,100.003,100,32768
in_transfer,15,100.003,100,32768
in_transfer,16,100.003,100,32768
in_transfer,17,100.001,100,32768
in_transfer,18,100.002,100,32768
in_transfer,19,100.002,100,32768
in_transfer,20,100.002,100,32768
in_transfer,21,100.002,100,32768
in_transfer,22,100.001,100,32768
in_transfer,23,100.001,100,32768
in_transfer,24,100.001,100,32768
in_shadow, 0,100.003,100,32768
in_shadow, 1,100.002,100,32768
in_shadow, 2,100.001,100,32768
in_shadow, 3,100.002,100,32768
in_shadow, 4,100.001,100,32768
in_shadow, 5,100.001,100,32768
in_shadow, 6,100.002,100,32768
in_shadow, 7,100.002,100,32768
in_shadow, 8,100.002,100,32768
in_shadow, 9,100.001,100,32768
in_shadow,10,100.003,100,32768
in_shadow,11,100.001,100,32768
in_shadow,12,100.003,100,32768
in_shadow,13,100.001,100,32768
in_shadow,14,100.004,100,32768
in_shadow,15,100.002,100,32768
in_shadow,16,100.001,100,32768
in_shadow,17,100.001,100,32768
in_shadow,18,100.003,100,32768
in_shadow,19,100.002,100,32768
in_shadow,20,100.003,100,32768
in_shadow,21,100.003,100,32768
in_shadow,22,100.002,100,32768
in_shadow,23,100.008,100,32768
in_shadow,24,100.001,100,32768
out_existing, 0,100.002,100,32768
out_existing, 1,100.001,100,32768
out_existing, 2,100.001,100,32768
out_existing, 3,100.003,100,32768
out_existing, 4,100.000,100,32768
out_existing, 5,100.002,100,32768
out_existing, 6,100.002,100,32768
out_existing, 7,100.002,100,32768
out_existing, 8,100.003,100,32768
out_existing, 9,100.002,100,32768
out_existing,10,100.002,100,32768
out_existing,11,100.001,100,32768
out_existing,12,100.002,100,32768
out_existing,13,100.001,100,32768
out_existing,14,100.001,100,32768
out_existing,15,100.002,100,32768
out_existing,16,100.001,100,32768
out_existing,17,100.001,100,32768
out_existing,18,100.001,100,32768
out_existing,19,100.003,100,32768
out_existing,20,100.003,100,32768
out_existing,21,100.003,100,32768
out_existing,22,100.000,100,32768
out_existing,23,100.002,100,32768
out_existing,24,100.001,100,32768
out_shadow, 0,100.004,100,32768
out_shadow, 1,100.001,100,32768
out_shadow, 2,100.001,100,32768
out_shadow, 3,100.001,100,32768
out_shadow, 4,100.001,100,32768
out_shadow, 5,100.002,100,32768
out_shadow, 6,100.003,100,32768
out_shadow, 7,100.001,100,32768
out_shadow, 8,100.004,100,32768
out_shadow, 9,100.004,100,32768
out_shadow,10,100.002,100,32768
out_shadow,11,100.001,100,32768
out_shadow,12,100.002,100,32768
out_shadow,13,100.002,100,32768
out_shadow,14,100.003,100,32768
out_shadow,15,100.002,100,32768
out_shadow,16,100.003,100,32768
out_shadow,17,100.003,100,32768
out_shadow,18,100.001,100,32768
out_shadow,19,100.003,100,32768
out_shadow,20,100.001,100,32768
out_shadow,21,100.002,100,32768
out_shadow,22,100.003,100,32768
out_shadow,23,100.001,100,32768
out_shadow,24,100.002,100,32768
noop, 0,100.001,100,65536
noop, 1,100.002,100,65536
noop, 2,100.002,100,65536
noop, 3,100.001,100,65536
noop, 4,100.001,100,65536
noop, 5,100.002,100,65536
noop, 6,100.003,100,65536
noop, 7,100.003,100,65536
noop, 8,100.003,100,65536
noop, 9,100.000,100,65536
noop,10,100.003,100,65536
noop,11,100.003,100,65536
noop,12,100.001,100,65536
noop,13,100.003,100,65536
noop,14,100.001,100,65536
noop,15,100.001,100,65536
noop,16,100.002,100,65536
noop,17,100.001,100,65536
noop,18,100.002,100,65536
noop,19,100.003,100,65536
noop,20,100.001,100,65536
noop,21,100.001,100,65536
noop,22,100.001,100,65536
noop,23,100.001,100,65536
noop,24,100.001,100,65536
in_transfer, 0,100.003,100,65536
in_transfer, 1,100.005,100,65536
in_transfer, 2,100.002,100,65536
in_transfer, 3,100.003,100,65536
in_transfer, 4,100.002,100,65536
in_transfer, 5,100.003,100,65536
in_transfer, 6,100.001,100,65536
in_transfer, 7,100.002,100,65536
in_transfer, 8,100.003,100,65536
in_transfer, 9,100.003,100,65536
in_transfer,10,100.001,100,65536
in_transfer,11,100.000,100,65536
in_transfer,12,100.001,100,65536
in_transfer,13,100.005,100,65536
in_transfer,14,100.003,100,65536
in_transfer,15,100.005,100,65536
in_transfer,16,100.005,100,65536
in_transfer,17,100.001,100,65536
in_transfer,18,100.003,100,65536
in_transfer,19,100.006,100,65536
in_transfer,20,100.003,100,65536
in_transfer,21,100.004,100,65536
in_transfer,22,100.002,100,65536
in_transfer,23,100.001,100,65536
in_transfer,24,100.003,100,65536
in_shadow, 0,100.004,100,65536
in_shadow, 1,100.002,100,65536
in_shadow, 2,100.001,100,65536
in_shadow, 3,100.003,100,65536
in_shadow, 4,100.005,100,65536
in_shadow, 5,100.002,100,65536
in_shadow, 6,100.005,100,65536
in_shadow, 7,100.001,100,65536
in_shadow, 8,100.001,100,65536
in_shadow, 9,100.006,100,65536
in_shadow,10,100.005,100,65536
in_shadow,11,100.003,100,65536
in_shadow,12,100.001,100,65536
in_shadow,13,100.002,100,65536
in_shadow,14,100.001,100,65536
in_shadow,15,100.003,100,65536
in_shadow,16,100.002,100,65536
in_shadow,17,100.001,100,65536
in_shadow,18,100.003,100,65536
in_shadow,19,100.005,100,65536
in_shadow,20,100.002,100,65536
in_shadow,21,100.002,100,65536
in_shadow,22,100.001,100,65536
in_shadow,23,100.001,100,65536
in_shadow,24,100.003,100,65536
out_existing, 0,100.007,100,65536
out_existing, 1,100.003,100,65536
out_existing, 2,100.002,100,65536
out_existing, 3,100.003,100,65536
out_existing, 4,100.003,100,65536
out_existing, 5,100.001,100,65536
out_existing, 6,100.003,100,65536
out_existing, 7,100.002,100,65536
out_existing, 8,100.002,100,65536
out_existing, 9,100.003,100,65536
out_existing,10,100.001,100,65536
out_existing,11,100.002,100,65536
out_existing,12,100.004,100,65536
out_existing,13,100.000,100,65536
out_existing,14,100.003,100,65536
out_existing,15,100.003,100,65536
out_existing,16,100.002,100,65536
out_existing,17,100.004,100,65536
out_existing,18,100.004,100,65536
out_existing,19,100.001,100,65536
out_existing,20,100.003,100,65536
out_existing,21,100.002,100,65536
out_existing,22,100.002,100,65536
out_existing,23,100.003,100,65536
out_existing,24,100.003,100,65536
out_shadow, 0,100.005,100,65536
out_shadow, 1,100.001,100,65536
out_shadow, 2,100.004,100,65536
out_shadow, 3,100.004,100,65536
out_shadow, 4,100.001,100,65536
out_shadow, 5,100.004,100,65536
out_shadow, 6,100.002,100,65536
out_shadow, 7,100.004,100,65536
out_shadow, 8,100.003,100,65536
out_shadow, 9,100.003,100,65536
out_shadow,10,100.003,100,65536
out_shadow,11,100.004,100,65536
out_shadow,12,100.002,100,65536
out_shadow,13,100.004,100,65536
out_shadow,14,100.004,100,65536
out_shadow,15,100.001,100,65536
out_shadow,16,100.002,100,65536
out_shadow,17,100.004,100,65536
out_shadow,18,100.001,100,65536
out_shadow,19,100.002,100,65536
out_shadow,20,100.005,100,65536
out_shadow,21,100.002,100,65536
out_shadow,22,100.004,100,65536
out_shadow,23,100.002,100,65536
out_shadow,24,100.002,100,65536
noop, 0,1000.001,1000,1
noop, 1,1000.000,1000,1
noop, 2,1000.000,1000,1
noop, 3,1000.001,1000,1
noop, 4,1000.000,1000,1
noop, 5,1000.000,1000,1
noop, 6,1000.002,1000,1
noop, 7,1000.002,1000,1
noop, 8,1000.002,1000,1
noop, 9,1000.000,1000,1
noop,10,1000.001,1000,1
noop,11,1000.000,1000,1
noop,12,1000.001,1000,1
noop,13,1000.003,1000,1
noop,14,1000.001,1000,1
noop,15,1000.000,1000,1
noop,16,1000.000,1000,1
noop,17,1000.000,1000,1
noop,18,1000.000,1000,1
noop,19,1000.000,1000,1
noop,20,1000.000,1000,1
noop,21,1000.000,1000,1
noop,22,1000.005,1000,1
noop,23,1000.001,1000,1
noop,24,1000.000,1000,1
in_transfer, 0,1000.000,1000,1
in_transfer, 1,1000.000,1000,1
in_transfer, 2,1000.001,1000,1
in_transfer, 3,1000.000,1000,1
in_transfer, 4,1000.001,1000,1
in_transfer, 5,1000.000,1000,1
in_transfer, 6,1000.001,1000,1
in_transfer, 7,1000.001,1000,1
in_transfer, 8,1000.000,1000,1
in_transfer, 9,1000.001,1000,1
in_transfer,10,1000.000,1000,1
in_transfer,11,1000.000,1000,1
in_transfer,12,1000.001,1000,1
in_transfer,13,1000.000,1000,1
in_transfer,14,1000.001,1000,1
in_transfer,15,1000.000,1000,1
in_transfer,16,1000.000,1000,1
in_transfer,17,1000.002,1000,1
in_transfer,18,1000.000,1000,1
in_transfer,19,1000.001,1000,1
in_transfer,20,1000.000,1000,1
in_transfer,21,1000.000,1000,1
in_transfer,22,1000.000,1000,1
in_transfer,23,1000.000,1000,1
in_transfer,24,1000.001,1000,1
in_shadow, 0,1000.000,1000,1
in_shadow, 1,1000.000,1000,1
in_shadow, 2,1000.000,1000,1
in_shadow, 3,1000.000,1000,1
in_shadow, 4,1000.000,1000,1
in_shadow, 5,1000.001,1000,1
in_shadow, 6,1000.000,1000,1
in_shadow, 7,1000.001,1000,1
in_shadow, 8,1000.001,1000,1
in_shadow, 9,1000.000,1000,1
in_shadow,10,1000.000,1000,1
in_shadow,11,1000.000,1000,1
in_shadow,12,1000.000,1000,1
in_shadow,13,1000.000,1000,1
in_shadow,14,1000.000,1000,1
in_shadow,15,1000.000,1000,1
in_shadow,16,1000.000,1000,1
in_shadow,17,1000.000,1000,1
in_shadow,18,1000.000,1000,1
in_shadow,19,1000.000,1000,1
in_shadow,20,1000.000,1000,1
in_shadow,21,1000.000,1000,1
in_shadow,22,1000.000,1000,1
in_shadow,23,1000.000,1000,1
in_shadow,24,1000.001,1000,1
out_existing, 0,1000.000,1000,1
out_existing, 1,1000.000,1000,1
out_existing, 2,1000.000,1000,1
out_existing, 3,1000.001,1000,1
out_existing, 4,1000.000,1000,1
out_existing, 5,1000.000,1000,1
out_existing, 6,1000.000,1000,1
out_existing, 7,1000.000,1000,1
out_existing, 8,1000.000,1000,1
out_existing, 9,1000.001,1000,1
out_existing,10,1000.001,1000,1
out_existing,11,1000.000,1000,1
out_existing,12,1000.000,1000,1
out_existing,13,1000.000,1000,1
out_existing,14,1000.000,1000,1
out_existing,15,1000.001,1000,1
out_existing,16,1000.001,1000,1
out_existing,17,1000.000,1000,1
out_existing,18,1000.000,1000,1
out_existing,19,1000.000,1000,1
out_existing,20,1000.001,1000,1
out_existing,21,1000.000,1000,1
out_existing,22,1000.000,1000,1
out_existing,23,1000.000,1000,1
out_existing,24,1000.001,1000,1
out_shadow, 0,1000.001,1000,1
out_shadow, 1,1000.000,1000,1
out_shadow, 2,1000.000,1000,1
out_shadow, 3,1000.000,1000,1
out_shadow, 4,1000.000,1000,1
out_shadow, 5,1000.000,1000,1
out_shadow, 6,1000.001,1000,1
out_shadow, 7,1000.000,1000,1
out_shadow, 8,1000.001,1000,1
out_shadow, 9,1000.000,1000,1
out_shadow,10,1000.002,1000,1
out_shadow,11,1000.000,1000,1
out_shadow,12,1000.000,1000,1
out_shadow,13,1000.000,1000,1
out_shadow,14,1000.001,1000,1
out_shadow,15,1000.000,1000,1
out_shadow,16,1000.000,1000,1
out_shadow,17,1000.001,1000,1
out_shadow,18,1000.001,1000,1
out_shadow,19,1000.000,1000,1
out_shadow,20,1000.001,1000,1
out_shadow,21,1000.002,1000,1
out_shadow,22,1000.001,1000,1
out_shadow,23,1000.000,1000,1
out_shadow,24,1000.000,1000,1
noop, 0,1000.011,1000,32
noop, 1,1000.003,1000,32
noop, 2,1000.001,1000,32
noop, 3,1000.003,1000,32
noop, 4,1000.001,1000,32
noop, 5,1000.001,1000,32
noop, 6,1000.001,1000,32
noop, 7,1000.001,1000,32
noop, 8,1000.011,1000,32
noop, 9,1000.002,1000,32
noop,10,1000.001,1000,32
noop,11,1000.000,1000,32
noop,12,1000.001,1000,32
noop,13,1000.002,1000,32
noop,14,1000.001,1000,32
noop,15,1000.002,1000,32
noop,16,1000.001,1000,32
noop,17,1000.000,1000,32
noop,18,1000.001,1000,32
noop,19,1000.000,1000,32
noop,20,1000.001,1000,32
noop,21,1000.000,1000,32
noop,22,1000.000,1000,32
noop,23,1000.000,1000,32
noop,24,1000.001,1000,32
in_transfer, 0,1000.000,1000,32
in_transfer, 1,1000.001,1000,32
in_transfer, 2,1000.000,1000,32
in_transfer, 3,1000.000,1000,32
in_transfer, 4,1000.001,1000,32
in_transfer, 5,1000.000,1000,32
in_transfer, 6,1000.000,1000,32
in_transfer, 7,1000.000,1000,32
in_transfer, 8,1000.000,1000,32
in_transfer, 9,1000.000,1000,32
in_transfer,10,1000.001,1000,32
in_transfer,11,1000.000,1000,32
in_transfer,12,1000.000,1000,32
in_transfer,13,1000.001,1000,32
in_transfer,14,1000.000,1000,32
in_transfer,15,1000.000,1000,32
in_transfer,16,1000.000,1000,32
in_transfer,17,1000.000,1000,32
in_transfer,18,1000.000,1000,32
in_transfer,19,1000.000,1000,32
in_transfer,20,1000.000,1000,32
in_transfer,21,1000.000,1000,32
in_transfer,22,1000.001,1000,32
in_transfer,23,1000.000,1000,32
in_transfer,24,1000.000,1000,32
in_shadow, 0,1000.000,1000,32
in_shadow, 1,1000.001,1000,32
in_shadow, 2,1000.000,1000,32
in_shadow, 3,1000.000,1000,32
in_shadow, 4,1000.000,1000,32
in_shadow, 5,1000.000,1000,32
in_shadow, 6,1000.000,1000,32
in_shadow, 7,1000.000,1000,32
in_shadow, 8,1000.001,1000,32
in_shadow, 9,1000.000,1000,32
in_shadow,10,1000.000,1000,32
in_shadow,11,1000.000,1000,32
in_shadow,12,1000.000,1000,32
in_shadow,13,1000.000,1000,32
in_shadow,14,1000.000,1000,32
in_shadow,15,1000.000,1000,32
in_shadow,16,1000.000,1000,32
in_shadow,17,1000.000,1000,32
in_shadow,18,1000.001,1000,32
in_shadow,19,1000.000,1000,32
in_shadow,20,1000.000,1000,32
in_shadow,21,1000.000,1000,32
in_shadow,22,1000.000,1000,32
in_shadow,23,1000.000,1000,32
in_shadow,24,1000.000,1000,32
out_existing, 0,1000.001,1000,32
out_existing, 1,1000.000,1000,32
out_existing, 2,1000.001,1000,32
out_existing, 3,1000.000,1000,32
out_existing, 4,1000.000,1000,32
out_existing, 5,1000.000,1000,32
out_existing, 6,1000.000,1000,32
out_existing, 7,1000.000,1000,32
out_existing, 8,1000.000,1000,32
out_existing, 9,1000.000,1000,32
out_existing,10,1000.000,1000,32
out_existing,11,1000.000,1000,32
out_existing,12,1000.000,1000,32
out_existing,13,1000.000,1000,32
out_existing,14,1000.000,1000,32
out_existing,15,1000.002,1000,32
out_existing,16,1000.000,1000,32
out_existing,17,1000.000,1000,32
out_existing,18,1000.000,1000,32
out_existing,19,1000.000,1000,32
out_existing,20,1000.000,1000,32
out_existing,21,1000.000,1000,32
out_existing,22,1000.000,1000,32
out_existing,23,1000.000,1000,32
out_existing,24,1000.001,1000,32
out_shadow, 0,1000.001,1000,32
out_shadow, 1,1000.001,1000,32
out_shadow, 2,1000.000,1000,32
out_shadow, 3,1000.000,1000,32
out_shadow, 4,1000.000,1000,32
out_shadow, 5,1000.001,1000,32
out_shadow, 6,1000.000,1000,32
out_shadow, 7,1000.000,1000,32
out_shadow, 8,1000.000,1000,32
out_shadow, 9,1000.000,1000,32
out_shadow,10,1000.001,1000,32
out_shadow,11,1000.000,1000,32
out_shadow,12,1000.000,1000,32
out_shadow,13,1000.000,1000,32
out_shadow,14,1000.000,1000,32
out_shadow,15,1000.000,1000,32
out_shadow,16,1000.001,1000,32
out_shadow,17,1000.000,1000,32
out_shadow,18,1000.001,1000,32
out_shadow,19,1000.000,1000,32
out_shadow,20,1000.001,1000,32
out_shadow,21,1000.000,1000,32
out_shadow,22,1000.002,1000,32
out_shadow,23,1000.000,1000,32
out_shadow,24,1000.000,1000,32
noop, 0,1000.000,1000,1024
noop, 1,1000.000,1000,1024
noop, 2,1000.000,1000,1024
noop, 3,1000.002,1000,1024
noop, 4,1000.000,1000,1024
noop, 5,1000.001,1000,1024
noop, 6,1000.000,1000,1024
noop, 7,1000.000,1000,1024
noop, 8,1000.007,1000,1024
noop, 9,1000.000,1000,1024
noop,10,1000.000,1000,1024
noop,11,1000.000,1000,1024
noop,12,1000.000,1000,1024
noop,13,1000.000,1000,1024
noop,14,1000.000,1000,1024
noop,15,1000.001,1000,1024
noop,16,1000.000,1000,1024
noop,17,1000.001,1000,1024
noop,18,1000.003,1000,1024
noop,19,1000.000,1000,1024
noop,20,1000.000,1000,1024
noop,21,1000.001,1000,1024
noop,22,1000.000,1000,1024
noop,23,1000.000,1000,1024
noop,24,1000.000,1000,1024
in_transfer, 0,1000.000,1000,1024
in_transfer, 1,1000.001,1000,1024
in_transfer, 2,1000.000,1000,1024
in_transfer, 3,1000.000,1000,1024
in_transfer, 4,1000.001,1000,1024
in_transfer, 5,1000.001,1000,1024
in_transfer, 6,1000.000,1000,1024
in_transfer, 7,1000.000,1000,1024
in_transfer, 8,1000.000,1000,1024
in_transfer, 9,1000.000,1000,1024
in_transfer,10,1000.000,1000,1024
in_transfer,11,1000.000,1000,1024
in_transfer,12,1000.001,1000,1024
in_transfer,13,1000.001,1000,1024
in_transfer,14,1000.000,1000,1024
in_transfer,15,1000.000,1000,1024
in_transfer,16,1000.000,1000,1024
in_transfer,17,1000.001,1000,1024
in_transfer,18,1000.000,1000,1024
in_transfer,19,1000.000,1000,1024
in_transfer,20,1000.000,1000,1024
in_transfer,21,1000.000,1000,1024
in_transfer,22,1000.001,1000,1024
in_transfer,23,1000.000,1000,1024
in_transfer,24,1000.001,1000,1024
in_shadow, 0,1000.000,1000,1024
in_shadow, 1,1000.000,1000,1024
in_shadow, 2,1000.001,1000,1024
in_shadow, 3,1000.000,1000,1024
in_shadow, 4,1000.000,1000,1024
in_shadow, 5,1000.000,1000,1024
in_shadow, 6,1000.000,1000,1024
in_shadow, 7,1000.000,1000,1024
in_shadow, 8,1000.000,1000,1024
in_shadow, 9,1000.000,1000,1024
in_shadow,10,1000.001,1000,1024
in_shadow,11,1000.000,1000,1024
in_shadow,12,1000.001,1000,1024
in_shadow,13,1000.000,1000,1024
in_shadow,14,1000.000,1000,1024
in_shadow,15,1000.000,1000,1024
in_shadow,16,1000.001,1000,1024
in_shadow,17,1000.000,1000,1024
in_shadow,18,1000.000,1000,1024
in_shadow,19,1000.000,1000,1024
in_shadow,20,1000.000,1000,1024
in_shadow,21,1000.000,1000,1024
in_shadow,22,1000.000,1000,1024
in_shadow,23,1000.002,1000,1024
in_shadow,24,1000.000,1000,1024
out_existing, 0,1000.001,1000,1024
out_existing, 1,1000.000,1000,1024
out_existing, 2,1000.001,1000,1024
out_existing, 3,1000.000,1000,1024
out_existing, 4,1000.000,1000,1024
out_existing, 5,1000.000,1000,1024
out_existing, 6,1000.002,1000,1024
out_existing, 7,1000.001,1000,1024
out_existing, 8,1000.001,1000,1024
out_existing, 9,1000.001,1000,1024
out_existing,10,1000.000,1000,1024
out_existing,11,1000.000,1000,1024
out_existing,12,1000.000,1000,1024
out_existing,13,1000.000,1000,1024
out_existing,14,1000.000,1000,1024
out_existing,15,1000.000,1000,1024
out_existing,16,1000.000,1000,1024
out_existing,17,1000.001,1000,1024
out_existing,18,1000.001,1000,1024
out_existing,19,1000.002,1000,1024
out_existing,20,1000.000,1000,1024
out_existing,21,1000.000,1000,1024
out_existing,22,1000.000,1000,1024
out_existing,23,1000.000,1000,1024
out_existing,24,1000.000,1000,1024
out_shadow, 0,1000.000,1000,1024
out_shadow, 1,1000.000,1000,1024
out_shadow, 2,1000.000,1000,1024
out_shadow, 3,1000.000,1000,1024
out_shadow, 4,1000.001,1000,1024
out_shadow, 5,1000.000,1000,1024
out_shadow, 6,1000.000,1000,1024
out_shadow, 7,1000.000,1000,1024
out_shadow, 8,1000.001,1000,1024
out_shadow, 9,1000.000,1000,1024
out_shadow,10,1000.000,1000,1024
out_shadow,11,1000.001,1000,1024
out_shadow,12,1000.001,1000,1024
out_shadow,13,1000.000,1000,1024
out_shadow,14,1000.001,1000,1024
out_shadow,15,1000.001,1000,1024
out_shadow,16,1000.000,1000,1024
out_shadow,17,1000.000,1000,1024
out_shadow,18,1000.000,1000,1024
out_shadow,19,1000.001,1000,1024
out_shadow,20,1000.001,1000,1024
out_shadow,21,1000.001,1000,1024
out_shadow,22,1000.001,1000,1024
out_shadow,23,1000.002,1000,1024
out_shadow,24,1000.001,1000,1024
noop, 0,1000.002,1000,32768
noop, 1,1000.001,1000,32768
noop, 2,1000.003,1000,32768
noop, 3,1000.002,1000,32768
noop, 4,1000.001,1000,32768
noop, 5,1000.005,1000,32768
noop, 6,1000.003,1000,32768
noop, 7,1000.001,1000,32768
noop, 8,1000.001,1000,32768
noop, 9,1000.004,1000,32768
noop,10,1000.003,1000,32768
noop,11,1000.002,1000,32768
noop,12,1000.003,1000,32768
noop,13,1000.001,1000,32768
noop,14,1000.005,1000,32768
noop,15,1000.002,1000,32768
noop,16,1000.002,1000,32768
noop,17,1000.002,1000,32768
noop,18,1000.001,1000,32768
noop,19,1000.002,1000,32768
noop,20,1000.001,1000,32768
noop,21,1000.002,1000,32768
noop,22,1000.001,1000,32768
noop,23,1000.001,1000,32768
noop,24,1000.001,1000,32768
in_transfer, 0,1000.005,1000,32768
in_transfer, 1,1000.004,1000,32768
in_transfer, 2,1000.004,1000,32768
in_transfer, 3,1000.005,1000,32768
in_transfer, 4,1000.005,1000,32768
in_transfer, 5,1000.004,1000,32768
in_transfer, 6,1000.004,1000,32768
in_transfer, 7,1000.005,1000,32768
in_transfer, 8,1000.003,1000,32768
in_transfer, 9,1000.005,1000,32768
in_transfer,10,1000.006,1000,32768
in_transfer,11,1000.003,1000,32768
in_transfer,12,1000.004,1000,32768
in_transfer,13,1000.005,1000,32768
in_transfer,14,1000.003,1000,32768
in_transfer,15,1000.002,1000,32768
in_transfer,16,1000.005,1000,32768
in_transfer,17,1000.003,1000,32768
in_transfer,18,1000.003,1000,32768
in_transfer,19,1000.003,1000,32768
in_transfer,20,1000.005,1000,32768
in_transfer,21,1000.003,1000,32768
in_transfer,22,1000.004,1000,32768
in_transfer,23,1000.003,1000,32768
in_transfer,24,1000.003,1000,32768
in_shadow, 0,1000.005,1000,32768
in_shadow, 1,1000.008,1000,32768
in_shadow, 2,1000.004,1000,32768
in_shadow, 3,1000.003,1000,32768
in_shadow, 4,1000.003,1000,32768
in_shadow, 5,1000.002,1000,32768
in_shadow, 6,1000.003,1000,32768
in_shadow, 7,1000.002,1000,32768
in_shadow, 8,1000.004,1000,32768
in_shadow, 9,1000.002,1000,32768
in_shadow,10,1000.004,1000,32768
in_shadow,11,1000.003,1000,32768
in_shadow,12,1000.005,1000,32768
in_shadow,13,1000.002,1000,32768
in_shadow,14,1000.003,1000,32768
in_shadow,15,1000.004,1000,32768
in_shadow,16,1000.003,1000,32768
in_shadow,17,1000.003,1000,32768
in_shadow,18,1000.004,1000,32768
in_shadow,19,1000.003,1000,32768
in_shadow,20,1000.007,1000,32768
in_shadow,21,1000.007,1000,32768
in_shadow,22,1000.004,1000,32768
in_shadow,23,1000.002,1000,32768
in_shadow,24,1000.004,1000,32768
out_existing, 0,1000.005,1000,32768
out_existing, 1,1000.002,1000,32768
out_existing, 2,1000.004,1000,32768
out_existing, 3,1000.003,1000,32768
out_existing, 4,1000.002,1000,32768
out_existing, 5,1000.003,1000,32768
out_existing, 6,1000.004,1000,32768
out_existing, 7,1000.002,1000,32768
out_existing, 8,1000.003,1000,32768
out_existing, 9,1000.007,1000,32768
out_existing,10,1000.007,1000,32768
out_existing,11,1000.002,1000,32768
out_existing,12,1000.001,1000,32768
out_existing,13,1000.004,1000,32768
out_existing,14,1000.004,1000,32768
out_existing,15,1000.001,1000,32768
out_existing,16,1000.003,1000,32768
out_existing,17,1000.002,1000,32768
out_existing,18,1000.002,1000,32768
out_existing,19,1000.003,1000,32768
out_existing,20,1000.004,1000,32768
out_existing,21,1000.003,1000,32768
out_existing,22,1000.002,1000,32768
out_existing,23,1000.002,1000,32768
out_existing,24,1000.004,1000,32768
out_shadow, 0,1000.008,1000,32768
out_shadow, 1,1000.004,1000,32768
out_shadow, 2,1000.004,1000,32768
out_shadow, 3,1000.002,1000,32768
out_shadow, 4,1000.004,1000,32768
out_shadow, 5,1000.003,1000,32768
out_shadow, 6,1000.003,1000,32768
out_shadow, 7,1000.004,1000,32768
out_shadow, 8,1000.005,1000,32768
out_shadow, 9,1000.004,1000,32768
out_shadow,10,1000.004,1000,32768
out_shadow,11,1000.004,1000,32768
out_shadow,12,1000.004,1000,32768
out_shadow,13,1000.003,1000,32768
out_shadow,14,1000.003,1000,32768
out_shadow,15,1000.003,1000,32768
out_shadow,16,1000.006,1000,32768
out_shadow,17,1000.003,1000,32768
out_shadow,18,1000.004,1000,32768
out_shadow,19,1000.006,1000,32768
out_shadow,20,1000.004,1000,32768
out_shadow,21,1000.003,1000,32768
out_shadow,22,1000.006,1000,32768
out_shadow,23,1000.003,1000,32768
out_shadow,24,1000.003,1000,32768
noop, 0,1000.003,1000,65536
noop, 1,1000.001,1000,65536
noop, 2,1000.000,1000,65536
noop, 3,1000.000,1000,65536
noop, 4,1000.003,1000,65536
noop, 5,1000.003,1000,65536
noop, 6,1000.000,1000,65536
noop, 7,1000.003,1000,65536
noop, 8,1000.001,1000,65536
noop, 9,1000.001,1000,65536
noop,10,1000.002,1000,65536
noop,11,1000.001,1000,65536
noop,12,1000.001,1000,65536
noop,13,1000.002,1000,65536
noop,14,1000.002,1000,65536
noop,15,1000.001,1000,65536
noop,16,1000.000,1000,65536
noop,17,1000.000,1000,65536
noop,18,1000.000,1000,65536
noop,19,1000.000,1000,65536
noop,20,1000.002,1000,65536
noop,21,1000.000,1000,65536
noop,22,1000.000,1000,65536
noop,23,1000.001,1000,65536
noop,24,1000.001,1000,65536
in_transfer, 0,1000.003,1000,65536
in_transfer, 1,1000.004,1000,65536
in_transfer, 2,1000.005,1000,65536
in_transfer, 3,1000.002,1000,65536
in_transfer, 4,1000.001,1000,65536
in_transfer, 5,1000.002,1000,65536
in_transfer, 6,1000.003,1000,65536
in_transfer, 7,1000.002,1000,65536
in_transfer, 8,1000.002,1000,65536
in_transfer, 9,1000.002,1000,65536
in_transfer,10,1000.001,1000,65536
in_transfer,11,1000.004,1000,65536
in_transfer,12,1000.004,1000,65536
in_transfer,13,1000.003,1000,65536
in_transfer,14,1000.002,1000,65536
in_transfer,15,1000.002,1000,65536
in_transfer,16,1000.003,1000,65536
in_transfer,17,1000.001,1000,65536
in_transfer,18,1000.002,1000,65536
in_transfer,19,1000.002,1000,65536
in_transfer,20,1000.002,1000,65536
in_transfer,21,1000.002,1000,65536
in_transfer,22,1000.001,1000,65536
in_transfer,23,1000.003,1000,65536
in_transfer,24,1000.001,1000,65536
in_shadow, 0,1000.003,1000,65536
in_shadow, 1,1000.001,1000,65536
in_shadow, 2,1000.001,1000,65536
in_shadow, 3,1000.001,1000,65536
in_shadow, 4,1000.003,1000,65536
in_shadow, 5,1000.002,1000,65536
in_shadow, 6,1000.002,1000,65536
in_shadow, 7,1000.003,1000,65536
in_shadow, 8,1000.002,1000,65536
in_shadow, 9,1000.005,1000,65536
in_shadow,10,1000.005,1000,65536
in_shadow,11,1000.004,1000,65536
in_shadow,12,1000.005,1000,65536
in_shadow,13,1000.003,1000,65536
in_shadow,14,1000.001,1000,65536
in_shadow,15,1000.004,1000,65536
in_shadow,16,1000.002,1000,65536
in_shadow,17,1000.000,1000,65536
in_shadow,18,1000.002,1000,65536
in_shadow,19,1000.001,1000,65536
in_shadow,20,1000.003,1000,65536
in_shadow,21,1000.003,1000,65536
in_shadow,22,1000.003,1000,65536
in_shadow,23,1000.001,1000,65536
in_shadow,24,1000.001,1000,65536
out_existing, 0,1000.013,1000,65536
out_existing, 1,1000.004,1000,65536
out_existing, 2,1000.001,1000,65536
out_existing, 3,1000.000,1000,65536
out_existing, 4,1000.002,1000,65536
out_existing, 5,1000.002,1000,65536
out_existing, 6,1000.001,1000,65536
out_existing, 7,1000.002,1000,65536
out_existing, 8,1000.002,1000,65536
out_existing, 9,1000.000,1000,65536
out_existing,10,1000.001,1000,65536
out_existing,11,1000.002,1000,65536
out_existing,12,1000.002,1000,65536
out_existing,13,1000.001,1000,65536
out_existing,14,1000.003,1000,65536
out_existing,15,1000.001,1000,65536
out_existing,16,1000.002,1000,65536
out_existing,17,1000.002,1000,65536
out_existing,18,1000.002,1000,65536
out_existing,19,1000.001,1000,65536
out_existing,20,1000.001,1000,65536
out_existing,21,1000.001,1000,65536
out_existing,22,1000.002,1000,65536
out_existing,23,1000.002,1000,65536
out_existing,24,1000.001,1000,65536
out_shadow, 0,1000.005,1000,65536
out_shadow, 1,1000.005,1000,65536
out_shadow, 2,1000.002,1000,65536
out_shadow, 3,1000.001,1000,65536
out_shadow, 4,1000.001,1000,65536
out_shadow, 5,1000.003,1000,65536
out_shadow, 6,1000.004,1000,65536
out_shadow, 7,1000.004,1000,65536
out_shadow, 8,1000.004,1000,65536
out_shadow, 9,1000.000,1000,65536
out_shadow,10,1000.002,1000,65536
out_shadow,11,1000.001,1000,65536
out_shadow,12,1000.001,1000,65536
out_shadow,13,1000.003,1000,65536
out_shadow,14,1000.004,1000,65536
out_shadow,15,1000.003,1000,65536
out_shadow,16,1000.004,1000,65536
out_shadow,17,1000.003,1000,65536
out_shadow,18,1000.002,1000,65536
out_shadow,19,1000.002,1000,65536
out_shadow,20,1000.001,1000,65536
out_shadow,21,1000.002,1000,65536
out_shadow,22,1000.003,1000,65536
out_shadow,23,1000.003,1000,65536
out_shadow,24,1000.004,1000,65536
noop, 0,0.001,0,1
noop, 1,0.000,0,1
noop, 2,0.001,0,1
noop, 3,0.000,0,1
noop, 4,0.000,0,1
noop, 5,0.000,0,1
noop, 6,0.000,0,1
noop, 7,0.000,0,1
noop, 8,0.000,0,1
noop, 9,0.000,0,1
noop,10,0.000,0,1
noop,11,0.001,0,1
noop,12,0.000,0,1
noop,13,0.000,0,1
noop,14,0.000,0,1
noop,15,0.000,0,1
noop,16,0.000,0,1
noop,17,0.000,0,1
noop,18,0.000,0,1
noop,19,0.000,0,1
noop,20,0.000,0,1
noop,21,0.000,0,1
noop,22,0.000,0,1
noop,23,0.000,0,1
noop,24,0.000,0,1
in_transfer, 0,0.001,0,1
in_transfer, 1,0.001,0,1
in_transfer, 2,0.001,0,1
in_transfer, 3,0.001,0,1
in_transfer, 4,0.001,0,1
in_transfer, 5,0.001,0,1
in_transfer, 6,0.001,0,1
in_transfer, 7,0.001,0,1
in_transfer, 8,0.001,0,1
in_transfer, 9,0.001,0,1
in_transfer,10,0.001,0,1
in_transfer,11,0.001,0,1
in_transfer,12,0.001,0,1
in_transfer,13,0.001,0,1
in_transfer,14,0.001,0,1
in_transfer,15,0.001,0,1
in_transfer,16,0.001,0,1
in_transfer,17,0.001,0,1
in_transfer,18,0.001,0,1
in_transfer,19,0.001,0,1
in_transfer,20,0.001,0,1
in_transfer,21,0.001,0,1
in_transfer,22,0.001,0,1
in_transfer,23,0.001,0,1
in_transfer,24,0.001,0,1
in_shadow, 0,0.001,0,1
in_shadow, 1,0.002,0,1
in_shadow, 2,0.001,0,1
in_shadow, 3,0.001,0,1
in_shadow, 4,0.001,0,1
in_shadow, 5,0.001,0,1
in_shadow, 6,0.001,0,1
in_shadow, 7,0.001,0,1
in_shadow, 8,0.001,0,1
in_shadow, 9,0.001,0,1
in_shadow,10,0.001,0,1
in_shadow,11,0.001,0,1
in_shadow,12,0.001,0,1
in_shadow,13,0.001,0,1
in_shadow,14,0.001,0,1
in_shadow,15,0.001,0,1
in_shadow,16,0.001,0,1
in_shadow,17,0.001,0,1
in_shadow,18,0.001,0,1
in_shadow,19,0.001,0,1
in_shadow,20,0.001,0,1
in_shadow,21,0.001,0,1
in_shadow,22,0.001,0,1
in_shadow,23,0.001,0,1
in_shadow,24,0.001,0,1
out_existing, 0,0.001,0,1
out_existing, 1,0.000,0,1
out_existing, 2,0.000,0,1
out_existing, 3,0.000,0,1
out_existing, 4,0.000,0,1
out_existing, 5,0.000,0,1
out_existing, 6,0.000,0,1
out_existing, 7,0.000,0,1
out_existing, 8,0.000,0,1
out_existing, 9,0.000,0,1
out_existing,10,0.000,0,1
out_existing,11,0.001,0,1
out_existing,12,0.000,0,1
out_existing,13,0.000,0,1
out_existing,14,0.000,0,1
out_existing,15,0.000,0,1
out_existing,16,0.000,0,1
out_existing,17,0.000,0,1
out_existing,18,0.000,0,1
out_existing,19,0.000,0,1
out_existing,20,0.000,0,1
out_existing,21,0.000,0,1
out_existing,22,0.000,0,1
out_existing,23,0.000,0,1
out_existing,24,0.000,0,1
out_shadow, 0,0.000,0,1
out_shadow, 1,0.000,0,1
out_shadow, 2,0.000,0,1
out_shadow, 3,0.000,0,1
out_shadow, 4,0.001,0,1
out_shadow, 5,0.000,0,1
out_shadow, 6,0.000,0,1
out_shadow, 7,0.000,0,1
out_shadow, 8,0.000,0,1
out_shadow, 9,0.000,0,1
out_shadow,10,0.000,0,1
out_shadow,11,0.000,0,1
out_shadow,12,0.000,0,1
out_shadow,13,0.000,0,1
out_shadow,14,0.000,0,1
out_shadow,15,0.000,0,1
out_shadow,16,0.000,0,1
out_shadow,17,0.000,0,1
out_shadow,18,0.000,0,1
out_shadow,19,0.000,0,1
out_shadow,20,0.000,0,1
out_shadow,21,0.000,0,1
out_shadow,22,0.001,0,1
out_shadow,23,0.001,0,1
out_shadow,24,0.000,0,1
noop, 0,0.001,0,32
noop, 1,0.000,0,32
noop, 2,0.000,0,32
noop, 3,0.000,0,32
noop, 4,0.000,0,32
noop, 5,0.000,0,32
noop, 6,0.000,0,32
noop, 7,0.000,0,32
noop, 8,0.001,0,32
noop, 9,0.000,0,32
noop,10,0.000,0,32
noop,11,0.000,0,32
noop,12,0.000,0,32
noop,13,0.001,0,32
noop,14,0.001,0,32
noop,15,0.000,0,32
noop,16,0.000,0,32
noop,17,0.000,0,32
noop,18,0.000,0,32
noop,19,0.000,0,32
noop,20,0.000,0,32
noop,21,0.001,0,32
noop,22,0.000,0,32
noop,23,0.001,0,32
noop,24,0.000,0,32
in_transfer, 0,0.056,0,32
in_transfer, 1,0.055,0,32
in_transfer, 2,0.055,0,32
in_transfer, 3,0.055,0,32
in_transfer, 4,0.055,0,32
in_transfer, 5,0.055,0,32
in_transfer, 6,0.055,0,32
in_transfer, 7,0.055,0,32
in_transfer, 8,0.055,0,32
in_transfer, 9,0.055,0,32
in_transfer,10,0.055,0,32
in_transfer,11,0.055,0,32
in_transfer,12,0.055,0,32
in_transfer,13,0.055,0,32
in_transfer,14,0.055,0,32
in_transfer,15,0.055,0,32
in_transfer,16,0.055,0,32
in_transfer,17,0.055,0,32
in_transfer,18,0.055,0,32
in_transfer,19,0.055,0,32
in_transfer,20,0.074,0,32
in_transfer,21,0.055,0,32
in_transfer,22,0.055,0,32
in_transfer,23,0.055,0,32
in_transfer,24,0.055,0,32
in_shadow, 0,0.055,0,32
in_shadow, 1,0.055,0,32
in_shadow, 2,0.055,0,32
in_shadow, 3,0.055,0,32
in_shadow, 4,0.055,0,32
in_shadow, 5,0.055,0,32
in_shadow, 6,0.055,0,32
in_shadow, 7,0.055,0,32
in_shadow, 8,0.055,0,32
in_shadow, 9,0.055,0,32
in_shadow,10,0.055,0,32
in_shadow,11,0.055,0,32
in_shadow,12,0.055,0,32
in_shadow,13,0.055,0,32
in_shadow,14,0.055,0,32
in_shadow,15,0.055,0,32
in_shadow,16,0.055,0,32
in_shadow,17,0.055,0,32
in_shadow,18,0.055,0,32
in_shadow,19,0.055,0,32
in_shadow,20,0.055,0,32
in_shadow,21,0.055,0,32
in_shadow,22,0.055,0,32
in_shadow,23,0.055,0,32
in_shadow,24,0.055,0,32
out_existing, 0,0.002,0,32
out_existing, 1,0.002,0,32
out_existing, 2,0.002,0,32
out_existing, 3,0.002,0,32
out_existing, 4,0.002,0,32
out_existing, 5,0.002,0,32
out_existing, 6,0.002,0,32
out_existing, 7,0.002,0,32
out_existing, 8,0.002,0,32
out_existing, 9,0.002,0,32
out_existing,10,0.002,0,32
out_existing,11,0.002,0,32
out_existing,12,0.002,0,32
out_existing,13,0.002,0,32
out_existing,14,0.002,0,32
out_existing,15,0.002,0,32
out_existing,16,0.002,0,32
out_existing,17,0.002,0,32
out_existing,18,0.002,0,32
out_existing,19,0.002,0,32
out_existing,20,0.002,0,32
out_existing,21,0.002,0,32
out_existing,22,0.002,0,32
out_existing,23,0.002,0,32
out_existing,24,0.002,0,32
out_shadow, 0,0.003,0,32
out_shadow, 1,0.003,0,32
out_shadow, 2,0.003,0,32
out_shadow, 3,0.003,0,32
out_shadow, 4,0.003,0,32
out_shadow, 5,0.003,0,32
out_shadow, 6,0.002,0,32
out_shadow, 7,0.003,0,32
out_shadow, 8,0.002,0,32
out_shadow, 9,0.002,0,32
out_shadow,10,0.003,0,32
out_shadow,11,0.003,0,32
out_shadow,12,0.003,0,32
out_shadow,13,0.003,0,32
out_shadow,14,0.003,0,32
out_shadow,15,0.003,0,32
out_shadow,16,0.003,0,32
out_shadow,17,0.002,0,32
out_shadow,18,0.003,0,32
out_shadow,19,0.003,0,32
out_shadow,20,0.002,0,32
out_shadow,21,0.003,0,32
out_shadow,22,0.003,0,32
out_shadow,23,0.003,0,32
out_shadow,24,0.003,0,32
noop, 0,0.000,0,1024
noop, 1,0.000,0,1024
noop, 2,0.000,0,1024
noop, 3,0.000,0,1024
noop, 4,0.000,0,1024
noop, 5,0.000,0,1024
noop, 6,0.000,0,1024
noop, 7,0.000,0,1024
noop, 8,0.000,0,1024
noop, 9,0.000,0,1024
noop,10,0.000,0,1024
noop,11,0.000,0,1024
noop,12,0.000,0,1024
noop,13,0.000,0,1024
noop,14,0.000,0,1024
noop,15,0.000,0,1024
noop,16,0.000,0,1024
noop,17,0.000,0,1024
noop,18,0.000,0,1024
noop,19,0.001,0,1024
noop,20,0.000,0,1024
noop,21,0.001,0,1024
noop,22,0.000,0,1024
noop,23,0.001,0,1024
noop,24,0.001,0,1024
in_transfer, 0,0.618,0,1024
in_transfer, 1,0.618,0,1024
in_transfer, 2,0.628,0,1024
in_transfer, 3,0.618,0,1024
in_transfer, 4,0.618,0,1024
in_transfer, 5,0.619,0,1024
in_transfer, 6,0.636,0,1024
in_transfer, 7,0.619,0,1024
in_transfer, 8,0.618,0,1024
in_transfer, 9,0.618,0,1024
in_transfer,10,0.626,0,1024
in_transfer,11,0.618,0,1024
in_transfer,12,0.618,0,1024
in_transfer,13,0.620,0,1024
in_transfer,14,0.625,0,1024
in_transfer,15,0.619,0,1024
in_transfer,16,0.618,0,1024
in_transfer,17,0.619,0,1024
in_transfer,18,0.619,0,1024
in_transfer,19,0.635,0,1024
in_transfer,20,0.618,0,1024
in_transfer,21,0.618,0,1024
in_transfer,22,0.618,0,1024
in_transfer,23,0.619,0,1024
in_transfer,24,0.618,0,1024
in_shadow, 0,0.622,0,1024
in_shadow, 1,0.619,0,1024
in_shadow, 2,0.618,0,1024
in_shadow, 3,0.634,0,1024
in_shadow, 4,0.619,0,1024
in_shadow, 5,0.618,0,1024
in_shadow, 6,0.619,0,1024
in_shadow, 7,0.618,0,1024
in_shadow, 8,0.619,0,1024
in_shadow, 9,0.619,0,1024
in_shadow,10,0.618,0,1024
in_shadow,11,0.618,0,1024
in_shadow,12,0.618,0,1024
in_shadow,13,0.634,0,1024
in_shadow,14,0.618,0,1024
in_shadow,15,0.618,0,1024
in_shadow,16,0.618,0,1024
in_shadow,17,0.618,0,1024
in_shadow,18,0.618,0,1024
in_shadow,19,0.619,0,1024
in_shadow,20,0.618,0,1024
in_shadow,21,0.618,0,1024
in_shadow,22,0.619,0,1024
in_shadow,23,0.637,0,1024
in_shadow,24,0.618,0,1024
out_existing, 0,0.042,0,1024
out_existing, 1,0.042,0,1024
out_existing, 2,0.042,0,1024
out_existing, 3,0.042,0,1024
out_existing, 4,0.042,0,1024
out_existing, 5,0.042,0,1024
out_existing, 6,0.042,0,1024
out_existing, 7,0.042,0,1024
out_existing, 8,0.042,0,1024
out_existing, 9,0.042,0,1024
out_existing,10,0.042,0,1024
out_existing,11,0.042,0,1024
out_existing,12,0.042,0,1024
out_existing,13,0.042,0,1024
out_existing,14,0.042,0,1024
out_existing,15,0.042,0,1024
out_existing,16,0.042,0,1024
out_existing,17,0.042,0,1024
out_existing,18,0.042,0,1024
out_existing,19,0.041,0,1024
out_existing,20,0.040,0,1024
out_existing,21,0.040,0,1024
out_existing,22,0.040,0,1024
out_existing,23,0.041,0,1024
out_existing,24,0.041,0,1024
out_shadow, 0,0.043,0,1024
out_shadow, 1,0.044,0,1024
out_shadow, 2,0.044,0,1024
out_shadow, 3,0.044,0,1024
out_shadow, 4,0.044,0,1024
out_shadow, 5,0.043,0,1024
out_shadow, 6,0.044,0,1024
out_shadow, 7,0.044,0,1024
out_shadow, 8,0.044,0,1024
out_shadow, 9,0.044,0,1024
out_shadow,10,0.044,0,1024
out_shadow,11,0.044,0,1024
out_shadow,12,0.043,0,1024
out_shadow,13,0.044,0,1024
out_shadow,14,0.044,0,1024
out_shadow,15,0.042,0,1024
out_shadow,16,0.043,0,1024
out_shadow,17,0.043,0,1024
out_shadow,18,0.043,0,1024
out_shadow,19,0.042,0,1024
out_shadow,20,0.042,0,1024
out_shadow,21,0.043,0,1024
out_shadow,22,0.042,0,1024
out_shadow,23,0.042,0,1024
out_shadow,24,0.042,0,1024
noop, 0,0.001,0,32768
noop, 1,0.002,0,32768
noop, 2,0.002,0,32768
noop, 3,0.002,0,32768
noop, 4,0.001,0,32768
noop, 5,0.002,0,32768
noop, 6,0.001,0,32768
noop, 7,0.002,0,32768
noop, 8,0.002,0,32768
noop, 9,0.001,0,32768
noop,10,0.002,0,32768
noop,11,0.001,0,32768
noop,12,0.001,0,32768
noop,13,0.003,0,32768
noop,14,0.001,0,32768
noop,15,0.001,0,32768
noop,16,0.002,0,32768
noop,17,0.002,0,32768
noop,18,0.001,0,32768
noop,19,0.002,0,32768
noop,20,0.001,0,32768
noop,21,0.001,0,32768
noop,22,0.002,0,32768
noop,23,0.001,0,32768
noop,24,0.001,0,32768
in_transfer, 0,18.313,0,32768
in_transfer, 1,18.286,0,32768
in_transfer, 2,18.334,0,32768
in_transfer, 3,18.322,0,32768
in_transfer, 4,18.331,0,32768
in_transfer, 5,18.373,0,32768
in_transfer, 6,18.292,0,32768
in_transfer, 7,18.324,0,32768
in_transfer, 8,18.316,0,32768
in_transfer, 9,18.337,0,32768
in_transfer,10,18.330,0,32768
in_transfer,11,18.316,0,32768
in_transfer,12,18.324,0,32768
in_transfer,13,18.317,0,32768
in_transfer,14,18.318,0,32768
in_transfer,15,18.331,0,32768
in_transfer,16,18.305,0,32768
in_transfer,17,18.332,0,32768
in_transfer,18,18.338,0,32768
in_transfer,19,18.311,0,32768
in_transfer,20,18.330,0,32768
in_transfer,21,18.308,0,32768
in_transfer,22,18.333,0,32768
in_transfer,23,18.324,0,32768
in_transfer,24,18.323,0,32768
in_shadow, 0,18.310,0,32768
in_shadow, 1,18.328,0,32768
in_shadow, 2,18.322,0,32768
in_shadow, 3,18.316,0,32768
in_shadow, 4,18.328,0,32768
in_shadow, 5,18.315,0,32768
in_shadow, 6,18.328,0,32768
in_shadow, 7,18.325,0,32768
in_shadow, 8,18.331,0,32768
in_shadow, 9,18.388,0,32768
in_shadow,10,18.318,0,32768
in_shadow,11,18.336,0,32768
in_shadow,12,18.329,0,32768
in_shadow,13,18.316,0,32768
in_shadow,14,18.326,0,32768
in_shadow,15,18.319,0,32768
in_shadow,16,18.332,0,32768
in_shadow,17,18.328,0,32768
in_shadow,18,18.321,0,32768
in_shadow,19,18.463,0,32768
in_shadow,20,18.328,0,32768
in_shadow,21,18.317,0,32768
in_shadow,22,18.329,0,32768
in_shadow,23,18.319,0,32768
in_shadow,24,18.337,0,32768
out_existing, 0,5.418,0,32768
out_existing, 1,5.511,0,32768
out_existing, 2,5.515,0,32768
out_existing, 3,5.513,0,32768
out_existing, 4,5.530,0,32768
out_existing, 5,5.509,0,32768
out_existing, 6,5.541,0,32768
out_existing, 7,5.539,0,32768
out_existing, 8,5.527,0,32768
out_existing, 9,5.552,0,32768
out_existing,10,5.534,0,32768
out_existing,11,5.557,0,32768
out_existing,12,5.532,0,32768
out_existing,13,5.557,0,32768
out_existing,14,5.545,0,32768
out_existing,15,5.544,0,32768
out_existing,16,5.561,0,32768
out_existing,17,5.542,0,32768
out_existing,18,5.566,0,32768
out_existing,19,5.546,0,32768
out_existing,20,5.558,0,32768
out_existing,21,5.549,0,32768
out_existing,22,5.553,0,32768
out_existing,23,5.545,0,32768
out_existing,24,5.542,0,32768
out_shadow, 0,5.641,0,32768
out_shadow, 1,5.636,0,32768
out_shadow, 2,5.652,0,32768
out_shadow, 3,5.650,0,32768
out_shadow, 4,5.652,0,32768
out_shadow, 5,5.660,0,32768
out_shadow, 6,5.692,0,32768
out_shadow, 7,5.653,0,32768
out_shadow, 8,5.645,0,32768
out_shadow, 9,5.652,0,32768
out_shadow,10,5.641,0,32768
out_shadow,11,5.639,0,32768
out_shadow,12,5.645,0,32768
out_shadow,13,5.660,0,32768
out_shadow,14,5.662,0,32768
out_shadow,15,5.661,0,32768
out_shadow,16,5.638,0,32768
out_shadow,17,5.667,0,32768
out_shadow,18,5.642,0,32768
out_shadow,19,5.636,0,32768
out_shadow,20,5.638,0,32768
out_shadow,21,5.640,0,32768
out_shadow,22,5.643,0,32768
out_shadow,23,5.616,0,32768
out_shadow,24,5.646,0,32768
noop, 0,0.001,0,65536
noop, 1,0.000,0,65536
noop, 2,0.001,0,65536
noop, 3,0.001,0,65536
noop, 4,0.001,0,65536
noop, 5,0.000,0,65536
noop, 6,0.000,0,65536
noop, 7,0.000,0,65536
noop, 8,0.000,0,65536
noop, 9,0.000,0,65536
noop,10,0.000,0,65536
noop,11,0.001,0,65536
noop,12,0.000,0,65536
noop,13,0.001,0,65536
noop,14,0.000,0,65536
noop,15,0.000,0,65536
noop,16,0.000,0,65536
noop,17,0.000,0,65536
noop,18,0.001,0,65536
noop,19,0.000,0,65536
noop,20,0.001,0,65536
noop,21,0.001,0,65536
noop,22,0.000,0,65536
noop,23,0.000,0,65536
noop,24,0.001,0,65536
in_transfer, 0,36.553,0,65536
in_transfer, 1,36.540,0,65536
in_transfer, 2,36.544,0,65536
in_transfer, 3,36.549,0,65536
in_transfer, 4,36.549,0,65536
in_transfer, 5,36.544,0,65536
in_transfer, 6,36.540,0,65536
in_transfer, 7,36.555,0,65536
in_transfer, 8,36.545,0,65536
in_transfer, 9,36.548,0,65536
in_transfer,10,36.549,0,65536
in_transfer,11,36.548,0,65536
in_transfer,12,36.545,0,65536
in_transfer,13,36.562,0,65536
in_transfer,14,36.546,0,65536
in_transfer,15,36.565,0,65536
in_transfer,16,36.537,0,65536
in_transfer,17,36.543,0,65536
in_transfer,18,36.561,0,65536
in_transfer,19,36.551,0,65536
in_transfer,20,36.545,0,65536
in_transfer,21,36.594,0,65536
in_transfer,22,36.550,0,65536
in_transfer,23,36.549,0,65536
in_transfer,24,36.545,0,65536
in_shadow, 0,36.548,0,65536
in_shadow, 1,36.542,0,65536
in_shadow, 2,36.545,0,65536
in_shadow, 3,36.545,0,65536
in_shadow, 4,36.598,0,65536
in_shadow, 5,36.595,0,65536
in_shadow, 6,36.604,0,65536
in_shadow, 7,36.603,0,65536
in_shadow, 8,36.599,0,65536
in_shadow, 9,36.596,0,65536
in_shadow,10,36.597,0,65536
in_shadow,11,36.594,0,65536
in_shadow,12,36.593,0,65536
in_shadow,13,36.691,0,65536
in_shadow,14,36.593,0,65536
in_shadow,15,36.592,0,65536
in_shadow,16,36.584,0,65536
in_shadow,17,36.661,0,65536
in_shadow,18,36.687,0,65536
in_shadow,19,36.591,0,65536
in_shadow,20,36.593,0,65536
in_shadow,21,36.592,0,65536
in_shadow,22,36.603,0,65536
in_shadow,23,36.592,0,65536
in_shadow,24,36.586,0,65536
out_existing, 0,11.290,0,65536
out_existing, 1,11.268,0,65536
out_existing, 2,11.284,0,65536
out_existing, 3,11.269,0,65536
out_existing, 4,11.241,0,65536
out_existing, 5,11.266,0,65536
out_existing, 6,11.260,0,65536
out_existing, 7,11.259,0,65536
out_existing, 8,11.257,0,65536
out_existing, 9,11.238,0,65536
out_existing,10,11.214,0,65536
out_existing,11,11.240,0,65536
out_existing,12,11.239,0,65536
out_existing,13,11.244,0,65536
out_existing,14,11.248,0,65536
out_existing,15,11.251,0,65536
out_existing,16,11.269,0,65536
out_existing,17,11.257,0,65536
out_existing,18,11.268,0,65536
out_existing,19,11.267,0,65536
out_existing,20,11.250,0,65536
out_existing,21,11.250,0,65536
out_existing,22,11.261,0,65536
out_existing,23,11.223,0,65536
out_existing,24,11.256,0,65536
out_shadow, 0,11.268,0,65536
out_shadow, 1,11.259,0,65536
out_shadow, 2,11.231,0,65536
out_shadow, 3,11.255,0,65536
out_shadow, 4,11.252,0,65536
out_shadow, 5,11.269,0,65536
out_shadow, 6,11.299,0,65536
out_shadow, 7,11.256,0,65536
out_shadow, 8,11.271,0,65536
out_shadow, 9,11.270,0,65536
out_shadow,10,11.266,0,65536
out_shadow,11,11.268,0,65536
out_shadow,12,11.267,0,65536
out_shadow,13,11.266,0,65536
out_shadow,14,11.260,0,65536
out_shadow,15,11.249,0,65536
out_shadow,16,11.225,0,65536
out_shadow,17,11.267,0,65536
out_shadow,18,11.240,0,65536
out_shadow,19,11.253,0,65536
out_shadow,20,11.262,0,65536
out_shadow,21,11.253,0,65536
out_shadow,22,11.369,0,65536
out_shadow,23,11.231,0,65536
out_shadow,24,11.255,0,65536
